Color ID,X,Y,Z
1,230,167,29
1,230,168,29
1,230,169,29
1,230,167,28
1,230,168,28
1,230,169,28
1,230,170,28
1,229,168,28
1,229,169,28
1,229,170,28
1,229,171,28
1,230,171,28
1,230,170,29
1,230,171,29
1,229,170,27
1,229,171,27
1,229,172,27
1,230,170,27
1,230,171,27
1,230,172,27
1,230,172,28
1,230,172,29
1,230,172,26
1,227,172,29
1,228,172,29
1,229,172,29
1,228,172,28
1,229,172,28
1,227,172,28
1,225,172,28
1,226,172,28
1,226,171,28
1,227,171,28
1,228,171,28
1,227,170,28
1,228,170,28
1,226,172,29
1,226,171,29
1,227,171,29
1,228,171,29
1,229,171,29
1,227,170,29
1,228,170,29
1,229,170,29
1,227,169,29
1,228,169,29
1,229,169,29
1,228,168,29
1,229,168,29
1,228,170,30
1,228,171,30
1,228,172,30
1,229,170,30
1,229,171,30
1,229,172,30
1,230,170,30
1,230,171,30
1,230,172,30
1,228,169,30
1,229,169,30
1,230,169,30
1,228,169,31
1,228,170,31
1,228,171,31
1,229,169,31
1,229,170,31
1,229,171,31
1,230,169,31
1,230,170,31
1,230,171,31
1,229,168,31
1,230,168,31
1,228,168,31
1,228,167,31
1,229,167,31
1,230,167,31
1,227,168,30
1,227,169,30
1,227,170,30
1,228,168,30
1,229,168,30
1,227,168,29
1,226,168,29
1,226,169,29
1,226,170,29
1,225,169,28
1,225,170,28
1,225,171,28
1,226,169,28
1,226,170,28
1,227,169,28
1,225,169,27
1,225,170,27
1,225,171,27
1,226,169,27
1,226,170,27
1,226,171,27
1,227,169,27
1,227,170,27
1,227,171,27
1,224,169,27
1,224,170,27
1,224,171,27
1,224,169,28
1,224,170,28
1,224,171,28
1,224,168,28
1,225,168,28
1,226,168,28
1,227,168,28
1,225,168,29
1,225,169,29
1,225,170,29
1,225,167,29
1,226,167,29
1,227,167,29
1,224,167,29
1,224,168,29
1,224,169,29
1,224,170,29
1,223,168,28
1,223,169,28
1,223,170,28
1,223,168,27
1,223,169,27
1,223,170,27
1,224,168,27
1,225,168,27
1,222,169,27
1,222,170,27
1,222,171,27
1,223,171,27
1,222,169,28
1,222,170,28
1,222,171,28
1,223,171,28
1,222,168,29
1,222,169,29
1,222,170,29
1,223,168,29
1,223,169,29
1,223,170,29
1,223,168,30
1,223,169,30
1,223,170,30
1,224,168,30
1,224,169,30
1,224,170,30
1,225,168,30
1,225,169,30
1,225,170,30
1,223,171,30
1,224,171,30
1,225,171,30
1,222,171,29
1,223,171,29
1,224,171,29
1,222,172,29
1,223,172,29
1,224,172,29
1,222,172,28
1,223,172,28
1,224,172,28
1,221,172,28
1,221,172,27
1,222,172,27
1,223,172,27
1,223,172,30
1,224,172,30
1,225,172,30
1,225,172,29
1,226,172,31
1,227,172,31
1,228,172,31
1,227,171,31
1,229,172,31
1,230,172,31
1,227,171,30
1,227,172,30
1,226,172,30
1,227,170,31
1,226,171,31
1,225,172,31
1,226,172,27
1,227,172,27
1,228,172,27
1,229,172,25
1,230,172,25
1,229,171,26
1,229,172,26
1,230,171,26
1,230,170,26
1,230,169,27
1,230,168,27
1,228,170,27
1,228,171,27
1,227,172,26
1,228,172,26
1,226,172,25
1,227,172,25
1,228,172,25
1,227,171,25
1,228,171,25
1,229,171,25
1,227,170,25
1,228,170,25
1,229,170,25
1,228,169,26
1,228,170,26
1,228,171,26
1,229,169,26
1,229,170,26
1,230,169,26
1,229,168,26
1,230,168,26
1,229,167,26
1,230,167,26
1,228,169,25
1,229,169,25
1,230,169,25
1,230,170,25
1,230,171,25
1,227,171,24
1,227,172,24
1,228,171,24
1,228,172,24
1,229,171,24
1,229,172,24
1,226,172,24
1,226,172,23
1,227,172,23
1,228,172,23
1,225,172,23
1,226,171,23
1,227,171,23
1,228,171,23
1,226,171,24
1,227,170,24
1,228,170,24
1,229,170,24
1,227,169,24
1,228,169,24
1,229,169,24
1,227,169,25
1,228,168,25
1,229,168,25
1,230,168,25
1,228,168,26
1,228,167,26
1,229,167,27
1,229,168,27
1,229,169,27
1,230,167,27
1,230,171,24
1,230,172,24
1,230,170,24
1,231,166,29
1,231,167,29
1,231,168,29
1,232,166,29
1,232,167,29
1,232,168,29
1,233,166,29
1,233,167,29
1,233,168,29
1,231,169,29
1,232,169,29
1,233,169,29
1,231,167,28
1,231,168,28
1,231,169,28
1,232,167,28
1,232,168,28
1,232,169,28
1,231,170,28
1,232,170,28
1,231,171,28
1,232,171,28
1,231,170,29
1,231,171,29
1,232,170,29
1,232,171,29
1,233,170,29
1,231,170,27
1,231,171,27
1,231,172,27
1,231,172,28
1,232,172,28
1,231,172,29
1,232,172,29
1,233,171,29
1,233,172,29
1,233,170,28
1,233,171,28
1,233,172,28
1,232,170,27
1,232,171,27
1,232,172,27
1,231,172,26
1,232,172,26
1,231,168,31
1,231,169,31
1,231,170,31
1,231,172,25
1,231,171,26
1,231,170,26
1,232,170,26
1,232,171,26
1,231,169,27
1,232,169,27
1,231,168,27
1,232,168,27
1,233,167,28
1,233,168,28
1,233,169,28
1,231,168,26
1,231,169,26
1,231,167,26
1,231,167,27
1,231,170,25
1,231,171,25
1,231,171,24
1,231,172,24
1,232,171,24
1,232,172,24
1,231,170,24
1,232,170,24
1,233,170,24
1,233,171,24
1,233,172,24
1,231,169,25
1,232,169,25
1,232,170,25
1,232,171,25
1,233,169,25
1,233,170,25
1,233,171,25
1,231,168,25
1,232,168,25
1,233,168,25
1,232,167,26
1,232,168,26
1,232,169,26
1,233,167,26
1,233,168,26
1,233,169,26
1,234,167,26
1,234,168,26
1,234,169,26
1,232,166,26
1,233,166,26
1,234,166,26
1,235,166,26
1,235,167,26
1,235,168,26
1,233,165,27
1,233,166,27
1,233,167,27
1,234,165,27
1,234,166,27
1,234,167,27
1,235,165,27
1,235,166,27
1,235,167,27
1,233,164,27
1,234,164,27
1,235,164,27
1,233,165,26
1,234,165,26
1,235,165,26
1,233,164,28
1,233,165,28
1,233,166,28
1,234,164,28
1,234,165,28
1,234,166,28
1,235,164,28
1,235,165,28
1,235,166,28
1,232,165,27
1,232,166,27
1,232,167,27
1,233,168,27
1,234,168,27
1,233,169,27
1,233,170,27
1,234,172,28
1,234,172,29
1,229,173,27
1,230,173,27
1,229,174,27
1,230,174,27
1,230,173,28
1,230,174,28
1,230,173,29
1,230,173,26
1,230,174,26
1,230,175,26
1,230,177,26
1,230,178,26
1,230,179,26
1,230,178,25
1,230,179,25
1,230,180,25
1,229,178,25
1,229,179,25
1,229,180,25
1,229,181,25
1,230,181,25
1,228,179,25
1,228,180,25
1,228,181,25
1,228,182,25
1,229,182,25
1,230,182,25
1,227,180,25
1,227,181,25
1,227,182,25
1,226,180,25
1,226,181,25
1,226,182,25
1,226,183,25
1,227,183,25
1,228,183,25
1,225,181,25
1,225,182,25
1,225,183,25
1,225,181,26
1,225,182,26
1,225,183,26
1,226,181,26
1,226,182,26
1,226,183,26
1,227,181,26
1,227,182,26
1,227,183,26
1,224,181,26
1,224,182,26
1,224,183,26
1,224,182,25
1,224,183,25
1,224,184,25
1,225,184,25
1,226,184,25
1,223,182,26
1,223,183,26
1,223,184,26
1,224,184,26
1,225,184,26
1,223,181,26
1,223,180,27
1,223,181,27
1,223,182,27
1,224,180,27
1,224,181,27
1,224,182,27
1,225,180,27
1,225,181,27
1,225,182,27
1,226,180,27
1,226,181,27
1,226,182,27
1,224,179,27
1,225,179,27
1,226,179,27
1,227,179,27
1,227,180,27
1,227,181,27
1,226,178,27
1,227,178,27
1,228,178,27
1,228,179,27
1,228,180,27
1,229,178,27
1,229,179,27
1,229,180,27
1,227,177,27
1,228,177,27
1,229,177,27
1,227,177,26
1,227,178,26
1,227,179,26
1,228,177,26
1,228,178,26
1,228,179,26
1,229,177,26
1,229,178,26
1,229,179,26
1,228,176,27
1,229,176,27
1,230,176,27
1,230,177,27
1,230,178,27
1,228,175,27
1,229,175,27
1,230,175,27
1,228,174,27
1,228,174,28
1,228,175,28
1,228,176,28
1,229,174,28
1,229,175,28
1,229,176,28
1,230,175,28
1,230,176,28
1,229,173,28
1,229,173,29
1,229,174,29
1,229,175,29
1,230,174,29
1,230,175,29
1,229,176,29
1,230,176,29
1,228,174,29
1,228,175,29
1,228,176,29
1,228,177,29
1,229,177,29
1,230,177,29
1,228,178,29
1,229,178,29
1,230,178,29
1,228,179,29
1,229,179,29
1,230,179,29
1,227,177,29
1,227,178,29
1,227,179,29
1,227,180,29
1,228,180,29
1,229,180,29
1,227,181,29
1,228,181,29
1,229,181,29
1,226,179,29
1,226,180,29
1,226,181,29
1,226,178,29
1,226,177,29
1,226,177,30
1,226,178,30
1,226,179,30
1,227,177,30
1,227,178,30
1,227,179,30
1,228,177,30
1,228,178,30
1,228,179,30
1,226,176,30
1,227,176,30
1,228,176,30
1,226,175,30
1,227,175,30
1,228,175,30
1,226,175,29
1,226,176,29
1,227,175,29
1,227,176,29
1,227,174,30
1,228,174,30
1,229,174,30
1,229,175,30
1,229,176,30
1,227,174,29
1,227,173,29
1,228,173,29
1,228,173,28
1,227,173,28
1,227,174,28
1,227,175,28
1,226,173,27
1,226,174,27
1,226,175,27
1,227,173,27
1,227,174,27
1,227,175,27
1,228,173,27
1,226,176,27
1,227,176,27
1,225,174,27
1,225,175,27
1,225,176,27
1,225,177,27
1,226,177,27
1,224,176,27
1,224,177,27
1,224,178,27
1,225,178,27
1,224,176,26
1,224,177,26
1,224,178,26
1,225,176,26
1,225,177,26
1,225,178,26
1,226,176,26
1,226,177,26
1,226,178,26
1,223,176,26
1,223,177,26
1,223,178,26
1,223,179,26
1,224,179,26
1,225,179,26
1,223,177,27
1,223,178,27
1,223,179,27
1,223,176,27
1,224,175,27
1,224,174,27
1,225,174,28
1,225,175,28
1,225,176,28
1,226,174,28
1,226,175,28
1,226,176,28
1,227,176,28
1,225,173,28
1,226,173,28
1,226,173,29
1,226,174,29
1,222,173,29
1,223,173,29
1,224,173,29
1,222,173,28
1,223,173,28
1,224,173,28
1,221,173,28
1,221,174,28
1,222,174,28
1,223,174,28
1,221,173,27
1,221,174,27
1,222,173,27
1,222,174,27
1,223,173,27
1,223,174,27
1,221,175,27
1,222,175,27
1,223,175,27
1,221,176,27
1,222,176,27
1,221,175,28
1,221,176,28
1,222,175,28
1,222,176,28
1,223,175,28
1,223,176,28
1,222,174,29
1,222,175,29
1,222,176,29
1,223,174,29
1,223,175,29
1,223,176,29
1,224,174,29
1,224,175,29
1,224,176,29
1,222,173,30
1,222,174,30
1,222,175,30
1,223,173,30
1,223,174,30
1,223,175,30
1,224,173,30
1,224,174,30
1,224,175,30
1,225,173,30
1,225,174,30
1,225,175,30
1,225,173,29
1,225,174,29
1,225,175,29
1,224,174,28
1,224,175,28
1,224,176,28
1,221,177,28
1,222,177,28
1,223,177,28
1,221,177,27
1,221,178,27
1,222,177,27
1,222,178,27
1,220,176,27
1,220,177,27
1,220,178,27
1,220,179,27
1,221,179,27
1,222,179,27
1,220,177,26
1,220,178,26
1,220,179,26
1,221,177,26
1,221,178,26
1,221,179,26
1,222,177,26
1,222,178,26
1,222,179,26
1,221,178,28
1,221,179,28
1,222,178,28
1,222,179,28
1,223,178,28
1,223,179,28
1,224,177,28
1,224,178,28
1,223,177,29
1,224,177,29
1,225,176,29
1,225,177,29
1,223,175,26
1,224,175,26
1,225,175,26
1,222,176,26
1,224,179,28
1,223,178,29
1,224,178,29
1,225,178,29
1,224,176,30
1,224,177,30
1,225,176,30
1,225,177,30
1,226,174,30
1,225,173,31
1,225,174,31
1,225,175,31
1,226,173,31
1,226,174,31
1,226,175,31
1,227,173,31
1,227,174,31
1,227,175,31
1,228,173,31
1,228,174,31
1,228,175,31
1,229,173,31
1,230,173,31
1,227,173,30
1,228,173,30
1,229,173,30
1,225,177,28
1,226,177,28
1,226,173,30
1,224,173,31
1,224,174,31
1,224,175,31
1,223,173,31
1,223,174,31
1,223,175,31
1,223,176,31
1,224,176,31
1,225,176,31
1,222,174,31
1,222,175,31
1,222,176,31
1,222,177,25
1,222,178,25
1,222,179,25
1,223,177,25
1,223,178,25
1,223,179,25
1,224,177,25
1,224,178,25
1,224,179,25
1,225,177,25
1,225,178,25
1,225,179,25
1,226,175,26
1,227,175,26
1,227,176,26
1,225,173,27
1,224,176,25
1,225,176,25
1,226,176,25
1,226,177,25
1,226,178,25
1,226,179,25
1,224,180,25
1,225,180,25
1,224,178,24
1,224,179,24
1,224,180,24
1,225,178,24
1,225,179,24
1,225,180,24
1,226,178,24
1,226,179,24
1,226,180,24
1,225,177,24
1,226,177,24
1,227,177,24
1,227,178,24
1,227,179,24
1,226,176,24
1,227,176,24
1,228,176,24
1,228,177,24
1,228,178,24
1,226,175,25
1,227,175,25
1,227,176,25
1,227,177,25
1,228,175,25
1,228,176,25
1,228,177,25
1,227,174,25
1,228,174,25
1,229,174,25
1,229,175,25
1,229,176,25
1,228,173,25
1,229,173,25
1,230,173,25
1,230,174,25
1,230,175,25
1,229,173,26
1,227,173,26
1,227,174,26
1,228,173,26
1,228,174,26
1,229,174,26
1,226,173,26
1,226,174,26
1,228,175,26
1,228,176,26
1,225,174,25
1,225,175,25
1,226,174,25
1,224,175,25
1,226,173,25
1,227,173,25
1,227,173,24
1,228,173,24
1,229,173,24
1,226,173,24
1,226,174,24
1,227,174,24
1,228,174,24
1,226,173,23
1,226,174,23
1,227,173,23
1,227,174,23
1,228,173,23
1,228,174,23
1,225,173,23
1,225,174,23
1,225,175,23
1,226,175,23
1,227,175,23
1,230,173,24
1,229,175,26
1,230,176,25
1,229,177,25
1,227,178,25
1,228,178,25
1,227,179,25
1,230,177,25
1,229,176,26
1,230,176,26
1,230,177,28
1,230,178,28
1,229,177,28
1,229,178,28
1,229,179,28
1,230,179,28
1,230,179,27
1,230,180,27
1,227,178,28
1,227,179,28
1,227,180,28
1,228,178,28
1,228,179,28
1,228,180,28
1,229,180,28
1,228,177,28
1,230,175,30
1,230,176,30
1,230,177,30
1,230,174,30
1,230,178,30
1,230,180,29
1,230,181,29
1,228,181,28
1,228,182,28
1,229,181,28
1,229,182,28
1,230,180,28
1,230,181,28
1,230,182,28
1,227,181,28
1,227,182,28
1,227,183,28
1,228,183,28
1,229,183,28
1,226,183,27
1,226,184,27
1,227,182,27
1,227,183,27
1,227,184,27
1,228,182,27
1,228,183,27
1,228,184,27
1,228,181,27
1,226,181,28
1,226,182,28
1,226,183,28
1,230,179,30
1,229,178,30
1,229,179,30
1,229,180,30
1,230,180,30
1,228,182,29
1,229,182,29
1,230,182,29
1,226,184,28
1,227,184,28
1,228,184,28
1,225,183,27
1,225,184,27
1,225,185,27
1,226,185,27
1,227,185,27
1,225,182,28
1,225,183,28
1,225,184,28
1,226,180,28
1,227,182,29
1,229,177,30
1,229,176,31
1,229,177,31
1,229,178,31
1,230,176,31
1,230,177,31
1,230,178,31
1,230,179,31
1,229,179,31
1,229,180,31
1,230,180,31
1,228,179,31
1,228,180,31
1,228,181,31
1,229,181,31
1,230,181,31
1,228,180,30
1,228,181,30
1,229,181,30
1,230,181,30
1,227,180,30
1,227,181,30
1,227,182,30
1,228,182,30
1,229,182,30
1,230,174,31
1,230,175,31
1,229,174,31
1,229,175,31
1,228,176,31
1,228,177,31
1,226,178,28
1,226,179,28
1,226,180,26
1,227,180,26
1,228,180,26
1,228,181,26
1,228,182,26
1,229,180,26
1,229,181,26
1,230,173,30
1,227,177,28
1,225,178,28
1,225,179,28
1,226,176,31
1,227,176,31
1,224,177,31
1,225,177,31
1,226,177,31
1,224,178,31
1,225,178,31
1,226,178,31
1,224,178,30
1,225,178,30
1,223,177,30
1,223,178,30
1,223,179,30
1,224,179,30
1,225,179,30
1,223,179,29
1,223,180,29
1,224,179,29
1,224,180,29
1,225,179,29
1,225,180,29
1,222,178,29
1,222,179,29
1,222,180,29
1,222,180,28
1,223,180,28
1,224,180,28
1,221,180,28
1,221,176,29
1,221,177,29
1,221,178,29
1,222,177,29
1,222,176,30
1,222,177,30
1,223,176,30
1,222,178,30
1,221,179,29
1,221,180,29
1,221,181,28
1,222,181,28
1,223,181,28
1,220,178,28
1,220,179,28
1,220,180,28
1,220,178,29
1,220,179,29
1,220,180,29
1,221,181,29
1,222,181,29
1,223,181,29
1,221,182,29
1,222,182,29
1,223,182,29
1,221,182,28
1,222,182,28
1,223,182,28
1,221,183,28
1,222,183,28
1,223,183,28
1,220,176,29
1,220,177,29
1,220,175,29
1,221,175,29
1,220,176,28
1,220,177,28
1,220,180,27
1,221,180,27
1,222,180,27
1,220,180,26
1,221,180,26
1,222,180,26
1,231,173,27
1,231,174,27
1,231,173,28
1,231,174,28
1,232,173,28
1,232,174,28
1,231,173,29
1,232,173,29
1,233,173,29
1,232,173,27
1,231,173,26
1,231,174,26
1,232,173,26
1,232,174,26
1,231,175,26
1,232,175,26
1,231,176,26
1,232,176,26
1,233,174,26
1,233,175,26
1,233,176,26
1,231,175,27
1,231,176,27
1,232,174,27
1,232,175,27
1,232,176,27
1,233,174,27
1,233,175,27
1,233,176,27
1,234,174,27
1,234,175,27
1,234,176,27
1,234,174,26
1,234,175,26
1,234,176,26
1,232,177,26
1,233,177,26
1,234,177,26
1,235,175,26
1,235,176,26
1,235,177,26
1,233,175,25
1,233,176,25
1,233,177,25
1,234,175,25
1,234,176,25
1,234,177,25
1,235,175,25
1,235,176,25
1,235,177,25
1,233,174,25
1,234,174,25
1,235,174,25
1,232,178,26
1,233,178,26
1,234,178,26
1,231,177,26
1,231,178,26
1,231,179,26
1,232,179,26
1,233,179,26
1,231,178,25
1,231,179,25
1,231,180,25
1,232,178,25
1,232,179,25
1,232,180,25
1,231,181,25
1,231,175,28
1,231,176,28
1,231,174,29
1,231,175,29
1,231,176,29
1,231,173,25
1,231,174,25
1,231,173,24
1,232,173,24
1,232,175,28
1,233,173,28
1,233,174,28
1,233,175,28
1,234,173,28
1,234,174,28
1,232,174,29
1,233,174,29
1,234,173,29
1,234,174,29
1,234,175,28
1,232,176,28
1,233,176,28
1,231,177,28
1,232,177,28
1,233,177,28
1,231,178,28
1,232,178,28
1,231,179,28
1,231,177,29
1,231,178,29
1,231,175,30
1,231,176,30
1,231,177,30
1,232,175,30
1,232,176,30
1,232,177,30
1,231,174,30
1,232,174,30
1,233,174,30
1,233,175,30
1,233,176,30
1,233,177,30
1,231,178,30
1,232,178,30
1,231,179,29
1,232,177,29
1,232,178,29
1,232,179,29
1,231,180,29
1,232,176,29
1,231,179,30
1,232,179,30
1,231,180,30
1,231,181,29
1,231,176,31
1,231,177,31
1,231,178,31
1,232,176,31
1,232,177,31
1,232,178,31
1,231,179,31
1,232,179,31
1,231,180,31
1,231,174,31
1,231,175,31
1,232,174,31
1,232,175,31
1,231,173,31
1,232,173,31
1,232,175,29
1,231,173,30
1,232,173,30
2,101,90,24
2,101,91,24
2,101,92,24
2,102,90,24
2,102,91,24
2,102,92,24
2,103,90,24
2,103,91,24
2,103,92,24
2,101,89,24
2,102,89,24
2,103,89,24
2,101,89,25
2,101,90,25
2,101,91,25
2,102,89,25
2,102,90,25
2,102,91,25
2,103,89,25
2,103,90,25
2,103,91,25
2,100,89,25
2,100,90,25
2,100,91,25
2,99,89,26
2,99,90,26
2,99,91,26
2,100,89,26
2,100,90,26
2,100,91,26
2,101,89,26
2,101,90,26
2,101,91,26
2,98,90,26
2,98,91,26
2,98,92,26
2,99,92,26
2,100,92,26
2,96,90,26
2,96,91,26
2,96,92,26
2,97,90,26
2,97,91,26
2,97,92,26
2,94,90,27
2,94,91,27
2,94,92,27
2,95,90,27
2,95,91,27
2,95,92,27
2,96,90,27
2,96,91,27
2,96,92,27
2,92,90,27
2,92,91,27
2,92,92,27
2,93,90,27
2,93,91,27
2,93,92,27
2,89,91,27
2,89,92,27
2,89,93,27
2,90,91,27
2,90,92,27
2,90,93,27
2,91,91,27
2,91,92,27
2,91,93,27
2,87,90,27
2,87,91,27
2,87,92,27
2,88,90,27
2,88,91,27
2,88,92,27
2,89,90,27
2,85,90,28
2,85,91,28
2,85,92,28
2,86,90,28
2,86,91,28
2,86,92,28
2,87,90,28
2,87,91,28
2,87,92,28
2,83,90,28
2,83,91,28
2,83,92,28
2,84,90,28
2,84,91,28
2,84,92,28
2,82,89,28
2,82,90,28
2,82,91,28
2,83,89,28
2,84,89,28
2,83,88,28
2,84,88,28
2,85,88,28
2,85,89,28
2,84,87,27
2,84,88,27
2,84,89,27
2,85,87,27
2,85,88,27
2,85,89,27
2,86,87,27
2,86,88,27
2,86,89,27
2,86,86,27
2,87,86,27
2,87,87,27
2,87,88,27
2,88,86,27
2,88,87,27
2,88,88,27
2,88,85,27
2,89,85,27
2,89,86,27
2,89,87,27
2,90,85,27
2,90,86,27
2,90,87,27
2,91,85,27
2,91,86,27
2,91,87,27
2,92,85,27
2,92,86,27
2,92,87,27
2,91,84,28
2,91,85,28
2,91,86,28
2,92,84,28
2,92,85,28
2,92,86,28
2,93,84,28
2,93,85,28
2,93,86,28
2,94,84,28
2,94,85,28
2,94,86,28
2,95,84,28
2,95,85,28
2,95,86,28
2,96,84,28
2,96,85,28
2,96,86,28
2,94,85,29
2,94,86,29
2,94,87,29
2,95,85,29
2,95,86,29
2,95,87,29
2,96,85,29
2,96,86,29
2,96,87,29
2,97,85,29
2,97,86,29
2,97,87,29
2,92,86,29
2,92,87,29
2,92,88,29
2,93,86,29
2,93,87,29
2,93,88,29
2,94,88,29
2,90,86,29
2,90,87,29
2,90,88,29
2,91,86,29
2,91,87,29
2,91,88,29
2,86,86,28
2,86,87,28
2,86,88,28
2,87,86,28
2,87,87,28
2,87,88,28
2,88,86,28
2,88,87,28
2,88,88,28
2,83,86,28
2,83,87,28
2,84,86,28
2,84,87,28
2,85,86,28
2,85,87,28
2,80,86,28
2,80,87,28
2,80,88,28
2,81,86,28
2,81,87,28
2,81,88,28
2,82,86,28
2,82,87,28
2,82,88,28
2,77,86,28
2,77,87,28
2,77,88,28
2,78,86,28
2,78,87,28
2,78,88,28
2,79,86,28
2,79,87,28
2,79,88,28
2,75,85,28
2,75,86,28
2,75,87,28
2,76,85,28
2,76,86,28
2,76,87,28
2,77,85,28
2,74,85,27
2,74,86,27
2,74,87,27
2,75,85,27
2,75,86,27
2,75,87,27
2,76,85,27
2,76,86,27
2,76,87,27
2,77,85,27
2,77,86,27
2,77,87,27
2,77,85,26
2,77,86,26
2,77,87,26
2,78,85,26
2,78,86,26
2,78,87,26
2,79,85,26
2,79,86,26
2,79,87,26
2,80,85,26
2,80,86,26
2,80,87,26
2,81,85,26
2,81,86,26
2,81,87,26
2,81,88,26
2,82,86,26
2,82,87,26
2,82,88,26
2,83,86,26
2,83,87,26
2,83,88,26
2,85,87,26
2,85,88,26
2,85,89,26
2,86,87,26
2,86,88,26
2,86,89,26
2,87,87,26
2,87,88,26
2,87,89,26
2,88,89,27
2,89,88,27
2,89,89,27
2,90,88,27
2,90,89,27
2,90,90,27
2,91,88,27
2,91,89,27
2,91,90,27
2,92,88,27
2,92,89,27
2,93,88,27
2,93,89,27
2,93,89,28
2,93,90,28
2,93,91,28
2,94,89,28
2,94,90,28
2,94,91,28
2,95,89,28
2,95,90,28
2,95,91,28
2,94,92,28
2,95,92,28
2,96,90,28
2,96,91,28
2,96,92,28
2,97,90,28
2,97,91,28
2,97,92,28
2,92,90,28
2,92,91,28
2,92,92,28
2,93,92,28
2,88,93,27
2,85,91,26
2,85,92,26
2,85,93,26
2,86,91,26
2,86,92,26
2,86,93,26
2,87,91,26
2,87,92,26
2,87,93,26
2,81,91,26
2,81,92,26
2,81,93,26
2,82,91,26
2,82,92,26
2,82,93,26
2,83,91,26
2,83,92,26
2,83,93,26
2,78,91,26
2,78,92,26
2,78,93,26
2,79,91,26
2,79,92,26
2,79,93,26
2,80,91,26
2,80,92,26
2,80,93,26
2,74,90,26
2,74,91,26
2,74,92,26
2,75,90,26
2,75,91,26
2,75,92,26
2,76,90,26
2,76,91,26
2,76,92,26
2,71,89,26
2,71,90,26
2,71,91,26
2,72,89,26
2,72,90,26
2,72,91,26
2,73,89,26
2,73,90,26
2,73,91,26
2,69,88,25
2,69,89,25
2,69,90,25
2,70,88,25
2,70,89,25
2,70,90,25
2,71,88,25
2,71,89,25
2,71,90,25
2,68,87,25
2,68,88,25
2,68,89,25
2,69,87,25
2,70,87,25
2,67,86,25
2,67,87,25
2,67,88,25
2,68,86,25
2,69,86,25
2,68,85,25
2,69,85,25
2,70,85,25
2,70,86,25
2,69,84,24
2,69,85,24
2,69,86,24
2,70,84,24
2,70,85,24
2,70,86,24
2,71,84,24
2,71,85,24
2,71,86,24
2,72,84,24
2,72,85,24
2,72,86,24
2,73,83,24
2,73,84,24
2,73,85,24
2,74,83,24
2,74,84,24
2,74,85,24
2,75,83,24
2,75,84,24
2,75,85,24
2,76,83,24
2,76,84,24
2,76,85,24
2,77,83,24
2,77,84,24
2,77,85,24
2,78,83,24
2,78,84,24
2,78,85,24
2,79,83,24
2,79,84,24
2,79,85,24
2,80,83,24
2,80,84,24
2,80,85,24
2,80,82,23
2,80,83,23
2,80,84,23
2,81,82,23
2,81,83,23
2,81,84,23
2,82,82,23
2,82,83,23
2,82,84,23
2,83,82,23
2,83,83,23
2,83,84,23
2,84,82,23
2,84,83,23
2,84,84,23
2,83,81,23
2,84,81,23
2,85,81,23
2,85,82,23
2,85,83,23
2,82,81,23
2,75,84,23
2,75,85,23
2,75,86,23
2,76,84,23
2,76,85,23
2,76,86,23
2,77,84,23
2,77,85,23
2,77,86,23
2,73,85,23
2,73,86,23
2,73,87,23
2,74,85,23
2,74,86,23
2,74,87,23
2,75,87,23
2,70,86,23
2,70,87,23
2,70,88,23
2,71,86,23
2,71,87,23
2,71,88,23
2,72,86,23
2,72,87,23
2,72,88,23
2,69,87,23
2,69,88,23
2,69,89,23
2,70,89,23
2,71,89,23
2,67,89,22
2,67,90,22
2,67,91,22
2,68,89,22
2,68,90,22
2,68,91,22
2,69,89,22
2,69,90,22
2,69,91,22
2,66,90,22
2,66,91,22
2,66,92,22
2,67,92,22
2,68,92,22
2,66,93,22
2,67,93,22
2,68,93,22
2,66,92,21
2,66,93,21
2,66,94,21
2,67,92,21
2,67,93,21
2,67,94,21
2,68,92,21
2,68,93,21
2,68,94,21
2,67,92,20
2,67,93,20
2,67,94,20
2,68,92,20
2,68,93,20
2,68,94,20
2,69,92,20
2,69,93,20
2,69,94,20
2,70,92,20
2,70,93,20
2,70,94,20
2,71,92,20
2,71,93,20
2,71,94,20
2,72,92,19
2,72,93,19
2,72,94,19
2,73,92,19
2,73,93,19
2,73,94,19
2,74,92,19
2,74,93,19
2,74,94,19
2,75,92,19
2,75,93,19
2,75,94,19
2,76,92,19
2,76,93,19
2,76,94,19
2,77,92,19
2,77,93,19
2,77,94,19
2,78,92,19
2,78,93,19
2,78,94,19
2,79,92,19
2,79,93,19
2,79,94,19
2,79,95,19
2,80,93,19
2,80,94,19
2,80,95,19
2,81,93,19
2,81,94,19
2,81,95,19
2,81,93,20
2,81,94,20
2,81,95,20
2,82,93,20
2,82,94,20
2,82,95,20
2,83,93,20
2,83,94,20
2,83,95,20
2,84,93,20
2,84,94,20
2,84,95,20
2,84,93,21
2,84,94,21
2,84,95,21
2,85,93,21
2,85,94,21
2,85,95,21
2,86,93,21
2,86,94,21
2,86,95,21
2,84,92,21
2,85,92,21
2,86,92,21
2,84,91,21
2,85,91,21
2,86,91,21
2,83,90,21
2,83,91,21
2,83,92,21
2,84,90,21
2,85,90,21
2,82,89,22
2,82,90,22
2,82,91,22
2,83,89,22
2,83,90,22
2,83,91,22
2,84,89,22
2,84,90,22
2,84,91,22
2,80,88,22
2,80,89,22
2,80,90,22
2,81,88,22
2,81,89,22
2,81,90,22
2,82,88,22
2,79,87,22
2,79,88,22
2,79,89,22
2,80,87,22
2,81,87,22
2,78,88,23
2,78,89,23
2,78,90,23
2,79,88,23
2,79,89,23
2,79,90,23
2,80,88,23
2,80,89,23
2,80,90,23
2,79,90,22
2,79,91,22
2,79,92,22
2,80,91,22
2,80,92,22
2,81,91,22
2,81,92,22
2,81,93,22
2,82,92,22
2,82,93,22
2,83,92,22
2,83,93,22
2,218,106,34
2,218,107,34
2,218,108,34
2,219,106,34
2,219,107,34
2,219,108,34
2,220,106,34
2,220,107,34
2,220,108,34
2,218,105,32
2,218,106,32
2,218,107,32
2,219,105,32
2,219,106,32
2,219,107,32
2,220,105,32
2,220,106,32
2,220,107,32
2,218,105,31
2,218,106,31
2,218,107,31
2,219,105,31
2,219,106,31
2,219,107,31
2,220,105,31
2,220,106,31
2,220,107,31
2,219,105,29
2,219,106,29
2,219,107,29
2,220,105,29
2,220,106,29
2,220,107,29
2,221,105,29
2,221,106,29
2,221,107,29
2,219,105,27
2,219,106,27
2,219,107,27
2,220,105,27
2,220,106,27
2,220,107,27
2,221,105,27
2,221,106,27
2,221,107,27
2,219,105,26
2,219,106,26
2,219,107,26
2,220,105,26
2,220,106,26
2,220,107,26
2,221,105,26
2,221,106,26
2,221,107,26
2,220,106,25
2,220,107,25
2,220,108,25
2,221,106,25
2,221,107,25
2,221,108,25
2,222,106,25
2,222,107,25
2,222,108,25
2,221,109,25
2,222,109,25
2,223,107,25
2,223,108,25
2,223,109,25
2,222,109,26
2,222,110,26
2,222,111,26
2,223,109,26
2,223,110,26
2,223,111,26
2,224,109,26
2,224,110,26
2,224,111,26
2,224,110,27
2,224,111,27
2,224,112,27
2,225,110,27
2,225,111,27
2,225,112,27
2,226,110,27
2,226,111,27
2,226,112,27
2,226,112,28
2,226,113,28
2,226,114,28
2,227,112,28
2,227,113,28
2,227,114,28
2,228,112,28
2,228,113,28
2,228,114,28
2,228,113,30
2,228,114,30
2,228,115,30
2,229,113,30
2,229,114,30
2,229,115,30
2,230,113,30
2,230,114,30
2,230,115,30
2,229,114,32
2,229,115,32
2,230,114,32
2,230,115,32
2,230,111,38
2,230,112,38
2,230,113,38
2,229,110,37
2,229,111,37
2,229,112,37
2,230,110,37
2,230,111,37
2,230,112,37
2,227,108,36
2,227,109,36
2,227,110,36
2,228,108,36
2,228,109,36
2,228,110,36
2,229,108,36
2,229,109,36
2,229,110,36
2,225,106,35
2,225,107,35
2,225,108,35
2,226,106,35
2,226,107,35
2,226,108,35
2,227,106,35
2,227,107,35
2,227,108,35
2,223,105,34
2,223,106,34
2,223,107,34
2,224,105,34
2,224,106,34
2,224,107,34
2,225,105,34
2,225,106,34
2,225,107,34
2,220,103,31
2,220,104,31
2,221,103,31
2,221,104,31
2,221,105,31
2,222,103,31
2,222,104,31
2,222,105,31
2,218,101,30
2,218,102,30
2,218,103,30
2,219,101,30
2,219,102,30
2,219,103,30
2,220,101,30
2,220,102,30
2,220,103,30
2,216,99,27
2,216,100,27
2,216,101,27
2,217,99,27
2,217,100,27
2,217,101,27
2,218,99,27
2,218,100,27
2,218,101,27
2,213,98,25
2,213,99,25
2,213,100,25
2,214,98,25
2,214,99,25
2,214,100,25
2,215,98,25
2,215,99,25
2,215,100,25
2,211,97,22
2,211,98,22
2,211,99,22
2,212,97,22
2,212,98,22
2,212,99,22
2,213,97,22
2,213,98,22
2,213,99,22
2,209,96,20
2,209,97,20
2,209,98,20
2,210,96,20
2,210,97,20
2,210,98,20
2,211,96,20
2,211,97,20
2,211,98,20
2,208,96,19
2,208,97,19
2,208,98,19
2,209,96,19
2,209,97,19
2,209,98,19
2,210,96,19
2,210,97,19
2,210,98,19
2,207,96,18
2,207,97,18
2,207,98,18
2,208,96,18
2,208,97,18
2,208,98,18
2,209,96,18
2,209,97,18
2,209,98,18
2,207,99,18
2,208,99,18
2,209,99,18
2,208,98,17
2,208,99,17
2,208,100,17
2,209,98,17
2,209,99,17
2,209,100,17
2,210,98,17
2,210,99,17
2,210,100,17
2,210,99,18
2,210,100,18
2,210,101,18
2,211,99,18
2,211,100,18
2,211,101,18
2,212,99,18
2,212,100,18
2,212,101,18
2,212,102,18
2,213,100,18
2,213,101,18
2,213,102,18
2,214,100,18
2,214,101,18
2,214,102,18
2,214,102,20
2,214,103,20
2,214,104,20
2,215,102,20
2,215,103,20
2,215,104,20
2,216,102,20
2,216,103,20
2,216,104,20
2,216,103,21
2,216,104,21
2,216,105,21
2,217,103,21
2,217,104,21
2,217,105,21
2,218,103,21
2,218,104,21
2,218,105,21
2,218,104,22
2,218,105,22
2,218,106,22
2,219,104,22
2,219,105,22
2,219,106,22
2,220,104,22
2,220,105,22
2,220,106,22
2,220,104,23
2,220,105,23
2,220,106,23
2,221,104,23
2,221,105,23
2,221,106,23
2,222,104,23
2,222,105,23
2,222,106,23
2,222,104,25
2,222,105,25
2,223,104,25
2,223,105,25
2,223,106,25
2,224,104,25
2,224,105,25
2,224,106,25
2,223,104,26
2,223,105,26
2,223,106,26
2,224,104,26
2,224,105,26
2,224,106,26
2,225,104,26
2,225,105,26
2,225,106,26
2,225,103,28
2,225,104,28
2,225,105,28
2,226,103,28
2,226,104,28
2,226,105,28
2,227,103,28
2,227,104,28
2,227,105,28
2,226,102,30
2,226,103,30
2,226,104,30
2,227,102,30
2,227,103,30
2,227,104,30
2,228,102,30
2,228,103,30
2,228,104,30
2,227,101,31
2,227,102,31
2,227,103,31
2,228,101,31
2,228,102,31
2,228,103,31
2,229,101,31
2,229,102,31
2,229,103,31
2,228,100,33
2,228,101,33
2,228,102,33
2,229,100,33
2,229,101,33
2,229,102,33
2,230,100,33
2,230,101,33
2,230,102,33
2,229,99,35
2,229,100,35
2,229,101,35
2,230,99,35
2,230,100,35
2,230,101,35
2,229,98,36
2,229,99,36
2,229,100,36
2,230,98,36
2,230,99,36
2,230,100,36
2,227,97,36
2,227,98,36
2,227,99,36
2,228,97,36
2,228,98,36
2,228,99,36
2,229,97,36
2,227,96,37
2,227,97,37
2,227,98,37
2,228,96,37
2,228,97,37
2,228,98,37
2,229,96,37
2,229,97,37
2,229,98,37
2,225,95,37
2,225,96,37
2,225,97,37
2,226,95,37
2,226,96,37
2,226,97,37
2,227,95,37
2,223,94,36
2,223,95,36
2,223,96,36
2,224,94,36
2,224,95,36
2,224,96,36
2,225,94,36
2,225,95,36
2,225,96,36
2,221,94,35
2,221,95,35
2,221,96,35
2,222,94,35
2,222,95,35
2,222,96,35
2,223,94,35
2,223,95,35
2,223,96,35
2,219,93,33
2,219,94,33
2,219,95,33
2,220,93,33
2,220,94,33
2,220,95,33
2,221,93,33
2,221,94,33
2,221,95,33
2,217,93,32
2,217,94,32
2,217,95,32
2,218,93,32
2,218,94,32
2,218,95,32
2,219,93,32
2,219,94,32
2,219,95,32
2,214,93,30
2,214,94,30
2,214,95,30
2,215,93,30
2,215,94,30
2,215,95,30
2,216,93,30
2,216,94,30
2,216,95,30
2,212,93,28
2,212,94,28
2,212,95,28
2,213,93,28
2,213,94,28
2,213,95,28
2,214,93,28
2,214,94,28
2,214,95,28
2,209,93,26
2,209,94,26
2,209,95,26
2,210,93,26
2,210,94,26
2,210,95,26
2,211,93,26
2,211,94,26
2,211,95,26
2,207,94,24
2,207,95,24
2,207,96,24
2,208,94,24
2,208,95,24
2,208,96,24
2,209,94,24
2,209,95,24
2,209,96,24
2,205,95,23
2,205,96,23
2,205,97,23
2,206,95,23
2,206,96,23
2,206,97,23
2,207,95,23
2,207,96,23
2,207,97,23
2,203,96,22
2,203,97,22
2,203,98,22
2,204,96,22
2,204,97,22
2,204,98,22
2,205,96,22
2,205,97,22
2,205,98,22
2,202,97,21
2,202,98,21
2,202,99,21
2,203,97,21
2,203,98,21
2,203,99,21
2,204,97,21
2,204,98,21
2,204,99,21
2,201,98,20
2,201,99,20
2,201,100,20
2,202,98,20
2,202,99,20
2,202,100,20
2,203,98,20
2,203,99,20
2,203,100,20
2,231,114,32
2,231,115,32
2,231,114,34
2,231,115,34
2,232,114,34
2,232,115,34
2,233,114,34
2,233,115,34
2,232,114,36
2,232,115,36
2,233,114,36
2,233,115,36
2,234,114,36
2,234,115,36
2,232,114,37
2,232,115,37
2,233,114,37
2,233,115,37
2,234,114,37
2,234,115,37
2,232,113,38
2,232,114,38
2,232,115,38
2,233,113,38
2,233,114,38
2,233,115,38
2,234,113,38
2,234,114,38
2,234,115,38
2,231,112,38
2,231,113,38
2,231,114,38
2,232,112,38
2,233,112,38
2,231,111,38
2,232,111,38
2,231,110,37
2,231,111,37
2,231,112,37
2,231,99,35
2,231,100,35
2,231,101,35
2,231,98,36
2,231,99,36
2,231,100,36
2,57,155,9
2,57,156,9
2,57,157,9
2,109,146,13
2,109,147,13
2,109,148,13
2,110,146,13
2,110,147,13
2,110,148,13
2,111,146,13
2,111,147,13
2,111,148,13
2,106,146,12
2,106,147,12
2,106,148,12
2,107,146,12
2,107,147,12
2,107,148,12
2,108,146,12
2,108,147,12
2,108,148,12
2,103,145,10
2,103,146,10
2,103,147,10
2,104,145,10
2,104,146,10
2,104,147,10
2,105,145,10
2,105,146,10
2,105,147,10
2,101,145,9
2,101,146,9
2,101,147,9
2,102,145,9
2,102,146,9
2,102,147,9
2,103,145,9
2,103,146,9
2,103,147,9
2,98,144,8
2,98,145,8
2,98,146,8
2,99,144,8
2,99,145,8
2,99,146,8
2,100,144,8
2,100,145,8
2,100,146,8
2,96,144,7
2,96,145,7
2,96,146,7
2,97,144,7
2,97,145,7
2,97,146,7
2,98,144,7
2,98,145,7
2,98,146,7
2,95,143,6
2,95,144,6
2,95,145,6
2,96,143,6
2,96,144,6
2,96,145,6
2,97,143,6
2,97,144,6
2,97,145,6
2,94,143,5
2,94,144,5
2,94,145,5
2,95,143,5
2,95,144,5
2,95,145,5
2,96,143,5
2,96,144,5
2,96,145,5
2,95,143,4
2,95,144,4
2,95,145,4
2,96,143,4
2,96,144,4
2,96,145,4
2,97,143,4
2,97,144,4
2,97,145,4
2,95,142,4
2,96,142,4
2,97,142,4
2,98,142,4
2,98,143,4
2,98,144,4
2,99,142,4
2,99,143,4
2,99,144,4
2,99,145,4
2,100,143,4
2,100,144,4
2,100,145,4
2,101,143,4
2,101,144,4
2,101,145,4
2,101,143,5
2,101,144,5
2,101,145,5
2,102,143,5
2,102,144,5
2,102,145,5
2,103,143,5
2,103,144,5
2,103,145,5
2,104,144,6
2,104,145,6
2,104,146,6
2,105,144,6
2,105,145,6
2,105,146,6
2,106,144,6
2,106,145,6
2,106,146,6
2,107,144,6
2,107,145,6
2,107,146,6
2,107,147,6
2,108,145,6
2,108,146,6
2,108,147,6
2,109,145,6
2,109,146,6
2,109,147,6
2,107,146,7
2,107,147,7
2,107,148,7
2,108,146,7
2,108,147,7
2,108,148,7
2,109,146,7
2,109,147,7
2,109,148,7
2,106,147,7
2,106,148,7
2,106,149,7
2,107,149,7
2,108,149,7
2,103,148,7
2,103,149,7
2,103,150,7
2,104,148,7
2,104,149,7
2,104,150,7
2,105,148,7
2,105,149,7
2,105,150,7
2,101,149,7
2,101,150,7
2,101,151,7
2,102,149,7
2,102,150,7
2,102,151,7
2,103,151,7
2,97,150,7
2,97,151,7
2,97,152,7
2,98,150,7
2,98,151,7
2,98,152,7
2,99,150,7
2,99,151,7
2,99,152,7
2,93,150,7
2,93,151,7
2,93,152,7
2,94,150,7
2,94,151,7
2,94,152,7
2,95,150,7
2,95,151,7
2,95,152,7
2,89,151,6
2,89,152,6
2,89,153,6
2,90,151,6
2,90,152,6
2,90,153,6
2,91,151,6
2,91,152,6
2,91,153,6
2,85,151,6
2,85,152,6
2,85,153,6
2,86,151,6
2,86,152,6
2,86,153,6
2,87,151,6
2,87,152,6
2,87,153,6
2,81,151,6
2,81,152,6
2,81,153,6
2,82,151,6
2,82,152,6
2,82,153,6
2,83,151,6
2,83,152,6
2,83,153,6
2,79,151,6
2,79,152,6
2,79,153,6
2,80,151,6
2,80,152,6
2,80,153,6
2,78,151,6
2,78,152,6
2,78,153,6
2,79,151,5
2,79,152,5
2,79,153,5
2,80,151,5
2,80,152,5
2,80,153,5
2,81,151,5
2,81,152,5
2,81,153,5
2,83,151,5
2,83,152,5
2,83,153,5
2,84,151,5
2,84,152,5
2,84,153,5
2,85,151,5
2,85,152,5
2,85,153,5
2,86,151,5
2,86,152,5
2,86,153,5
2,87,151,5
2,87,152,5
2,87,153,5
2,88,151,5
2,88,152,5
2,88,153,5
2,90,150,6
2,91,150,6
2,92,150,6
2,92,151,6
2,92,152,6
2,94,150,5
2,94,151,5
2,94,152,5
2,95,150,5
2,95,151,5
2,95,152,5
2,96,150,5
2,96,151,5
2,96,152,5
2,99,149,6
2,99,150,6
2,99,151,6
2,100,149,6
2,100,150,6
2,100,151,6
2,101,149,6
2,101,150,6
2,101,151,6
2,104,148,6
2,104,149,6
2,104,150,6
2,105,148,6
2,105,149,6
2,105,150,6
2,106,148,6
2,106,149,6
2,106,150,6
2,108,150,7
2,109,149,7
2,109,150,7
2,110,148,7
2,110,149,7
2,110,150,7
2,111,147,8
2,111,148,8
2,111,149,8
2,112,147,8
2,112,148,8
2,112,149,8
2,113,147,8
2,113,148,8
2,113,149,8
2,114,147,8
2,114,148,8
2,114,149,8
2,112,148,9
2,112,149,9
2,112,150,9
2,113,148,9
2,113,149,9
2,113,150,9
2,114,148,9
2,114,149,9
2,114,150,9
2,111,148,9
2,111,149,9
2,111,150,9
2,108,149,9
2,108,150,9
2,108,151,9
2,109,149,9
2,109,150,9
2,109,151,9
2,110,149,9
2,110,150,9
2,110,151,9
2,104,150,9
2,104,151,9
2,104,152,9
2,105,150,9
2,105,151,9
2,105,152,9
2,106,150,9
2,106,151,9
2,106,152,9
2,101,151,9
2,101,152,9
2,101,153,9
2,102,151,9
2,102,152,9
2,102,153,9
2,103,151,9
2,103,152,9
2,103,153,9
2,96,153,9
2,96,154,9
2,96,155,9
2,97,153,9
2,97,154,9
2,97,155,9
2,98,153,9
2,98,154,9
2,98,155,9
2,90,154,9
2,90,155,9
2,90,156,9
2,91,154,9
2,91,155,9
2,91,156,9
2,92,154,9
2,92,155,9
2,92,156,9
2,85,154,9
2,85,155,9
2,85,156,9
2,86,154,9
2,86,155,9
2,86,156,9
2,87,154,9
2,87,155,9
2,87,156,9
2,80,155,9
2,80,156,9
2,80,157,9
2,81,155,9
2,81,156,9
2,81,157,9
2,82,155,9
2,82,156,9
2,82,157,9
2,77,156,9
2,77,157,9
2,77,158,9
2,78,156,9
2,78,157,9
2,78,158,9
2,79,156,9
2,79,157,9
2,79,158,9
2,75,156,9
2,75,157,9
2,75,158,9
2,76,156,9
2,76,157,9
2,76,158,9
2,73,156,9
2,73,157,9
2,73,158,9
2,74,156,9
2,74,157,9
2,74,158,9
2,77,155,8
2,77,156,8
2,77,157,8
2,78,155,8
2,78,156,8
2,78,157,8
2,79,155,8
2,79,156,8
2,79,157,8
2,80,155,8
2,80,156,8
2,80,157,8
2,81,155,8
2,81,156,8
2,81,157,8
2,83,155,8
2,83,156,8
2,83,157,8
2,84,155,8
2,84,156,8
2,84,157,8
2,85,155,8
2,85,156,8
2,85,157,8
2,86,154,8
2,86,155,8
2,86,156,8
2,87,154,8
2,87,155,8
2,87,156,8
2,88,154,8
2,88,155,8
2,88,156,8
2,91,153,7
2,91,154,7
2,91,155,7
2,92,153,7
2,92,154,7
2,92,155,7
2,93,153,7
2,93,154,7
2,93,155,7
2,94,153,7
2,94,154,7
2,95,153,7
2,95,154,7
2,96,152,7
2,96,153,7
2,96,154,7
2,98,151,8
2,98,152,8
2,98,153,8
2,99,151,8
2,99,152,8
2,99,153,8
2,100,151,8
2,100,152,8
2,100,153,8
2,101,151,8
2,101,152,8
2,101,153,8
2,100,154,8
2,101,154,8
2,102,152,8
2,102,153,8
2,102,154,8
2,100,152,9
2,100,153,9
2,100,154,9
2,101,154,9
2,102,154,9
2,99,153,9
2,99,154,9
2,99,155,9
2,93,154,9
2,93,155,9
2,93,156,9
2,94,154,9
2,94,155,9
2,94,156,9
2,95,154,9
2,95,155,9
2,95,156,9
2,88,155,9
2,88,156,9
2,88,157,9
2,89,155,9
2,89,156,9
2,89,157,9
2,90,157,9
2,83,156,9
2,83,157,9
2,83,158,9
2,84,156,9
2,84,157,9
2,84,158,9
2,85,157,9
2,85,158,9
2,80,158,9
2,72,157,9
2,72,158,9
2,72,159,9
2,73,159,9
2,74,159,9
2,67,157,9
2,67,158,9
2,67,159,9
2,68,157,9
2,68,158,9
2,68,159,9
2,69,157,9
2,69,158,9
2,69,159,9
2,62,156,9
2,62,157,9
2,62,158,9
2,63,156,9
2,63,157,9
2,63,158,9
2,64,156,9
2,64,157,9
2,64,158,9
2,59,155,9
2,59,156,9
2,59,157,9
2,60,155,9
2,60,156,9
2,60,157,9
2,61,155,9
2,61,156,9
2,61,157,9
2,58,155,9
2,58,156,9
2,58,157,9
2,58,154,8
2,58,155,8
2,58,156,8
2,59,154,8
2,59,155,8
2,59,156,8
2,60,154,8
2,60,155,8
2,60,156,8
2,61,154,7
2,61,155,7
2,61,156,7
2,62,154,7
2,62,155,7
2,62,156,7
2,63,154,7
2,63,155,7
2,63,156,7
2,64,153,6
2,64,154,6
2,64,155,6
2,65,153,6
2,65,154,6
2,65,155,6
2,66,153,6
2,66,154,6
2,66,155,6
2,67,152,6
2,67,153,6
2,67,154,6
2,68,152,6
2,68,153,6
2,68,154,6
2,69,152,6
2,69,153,6
2,69,154,6
2,71,151,5
2,71,152,5
2,71,153,5
2,72,151,5
2,72,152,5
2,72,153,5
2,73,151,5
2,73,152,5
2,73,153,5
2,75,150,5
2,75,151,5
2,75,152,5
2,76,150,5
2,76,151,5
2,76,152,5
2,77,150,5
2,77,151,5
2,77,152,5
2,79,149,5
2,79,150,5
2,80,149,5
2,80,150,5
2,81,149,5
2,81,150,5
2,83,147,4
2,83,148,4
2,83,149,4
2,84,147,4
2,84,148,4
2,84,149,4
2,85,147,4
2,85,148,4
2,85,149,4
2,86,146,4
2,86,147,4
2,86,148,4
2,87,146,4
2,87,147,4
2,87,148,4
2,88,146,4
2,88,147,4
2,88,148,4
2,89,146,5
2,89,147,5
2,89,148,5
2,90,146,5
2,90,147,5
2,90,148,5
2,91,146,5
2,91,147,5
2,91,148,5
2,88,146,6
2,88,147,6
2,88,148,6
2,89,146,6
2,89,147,6
2,89,148,6
2,90,146,6
2,90,147,6
2,90,148,6
2,87,147,7
2,87,148,7
2,87,149,7
2,88,147,7
2,88,148,7
2,88,149,7
2,89,147,7
2,89,148,7
2,89,149,7
2,84,147,7
2,84,148,7
2,84,149,7
2,85,147,7
2,85,148,7
2,85,149,7
2,86,147,7
2,86,148,7
2,86,149,7
2,82,147,8
2,82,148,8
2,82,149,8
2,83,147,8
2,83,148,8
2,83,149,8
2,84,147,8
2,84,148,8
2,84,149,8
2,80,147,8
2,80,148,8
2,80,149,8
2,81,147,8
2,81,148,8
2,81,149,8
2,79,147,8
2,79,148,8
2,79,149,8
2,78,147,9
2,78,148,9
2,78,149,9
2,79,147,9
2,79,148,9
2,79,149,9
2,80,147,9
2,80,148,9
2,80,149,9
2,81,147,9
2,81,148,9
2,81,149,9
2,82,147,9
2,82,148,9
2,82,149,9
2,172,153,6
2,172,154,6
2,172,155,6
2,171,157,5
2,171,158,5
2,171,159,5
2,172,157,5
2,172,158,5
2,172,159,5
2,170,157,4
2,170,158,4
2,170,159,4
2,171,157,4
2,171,158,4
2,171,159,4
2,172,157,4
2,172,158,4
2,172,159,4
2,170,156,4
2,171,156,4
2,172,156,4
2,171,155,4
2,172,155,4
2,214,172,32
2,215,172,32
2,216,172,32
2,217,172,32
2,215,172,31
2,216,172,31
2,217,172,31
2,216,172,30
2,217,172,30
2,218,172,30
2,216,172,29
2,217,172,29
2,218,172,29
2,219,172,29
2,217,172,28
2,218,172,28
2,219,172,28
2,218,172,27
2,219,172,27
2,220,172,27
2,218,172,26
2,219,172,26
2,220,172,26
2,221,172,26
2,219,172,25
2,220,172,25
2,221,172,25
2,219,172,24
2,220,172,24
2,221,172,24
2,222,172,24
2,220,172,23
2,221,172,23
2,222,172,23
2,221,172,22
2,222,172,22
2,223,172,22
2,221,172,21
2,222,172,21
2,223,172,21
2,224,172,21
2,223,172,20
2,224,172,20
2,225,172,20
2,226,172,20
2,225,172,19
2,226,172,19
2,227,172,19
2,217,172,27
2,217,172,26
2,218,171,25
2,218,172,25
2,219,171,25
2,220,171,25
2,221,171,25
2,219,171,24
2,220,171,24
2,221,171,24
2,220,171,23
2,221,171,23
2,222,171,23
2,220,171,22
2,220,172,22
2,221,171,22
2,222,171,22
2,223,171,22
2,221,171,21
2,222,171,21
2,223,171,21
2,224,171,21
2,222,171,20
2,222,172,20
2,223,171,20
2,224,171,20
2,225,171,20
2,223,171,19
2,223,172,19
2,224,171,19
2,224,172,19
2,225,171,19
2,226,171,19
2,224,171,18
2,224,172,18
2,225,171,18
2,225,172,18
2,226,171,18
2,226,172,18
2,227,171,18
2,227,172,18
2,228,172,18
2,226,172,17
2,227,172,17
2,228,172,17
2,229,172,17
2,230,172,17
2,214,158,11
2,214,159,11
2,214,160,11
2,215,158,11
2,215,159,11
2,215,160,11
2,216,158,11
2,216,159,11
2,216,160,11
2,217,158,11
2,217,159,11
2,217,160,11
2,216,158,10
2,216,159,10
2,216,160,10
2,217,158,10
2,217,159,10
2,217,160,10
2,218,158,10
2,218,159,10
2,218,160,10
2,216,158,9
2,216,159,9
2,216,160,9
2,217,158,9
2,217,159,9
2,217,160,9
2,218,158,9
2,218,159,9
2,218,160,9
2,216,158,8
2,216,159,8
2,216,160,8
2,217,158,8
2,217,159,8
2,217,160,8
2,218,158,8
2,218,159,8
2,218,160,8
2,216,158,7
2,216,159,7
2,216,160,7
2,217,158,7
2,217,159,7
2,217,160,7
2,218,158,7
2,218,159,7
2,218,160,7
2,215,158,8
2,215,159,8
2,215,160,8
2,214,158,8
2,214,159,8
2,214,160,8
2,213,158,8
2,213,159,8
2,213,160,8
2,212,159,9
2,212,160,9
2,212,161,9
2,213,159,9
2,213,160,9
2,213,161,9
2,214,159,9
2,214,160,9
2,214,161,9
2,210,159,9
2,210,160,9
2,210,161,9
2,211,159,9
2,211,160,9
2,211,161,9
2,209,159,10
2,209,160,10
2,209,161,10
2,210,159,10
2,210,160,10
2,210,161,10
2,211,159,10
2,211,160,10
2,211,161,10
2,207,159,10
2,207,160,10
2,207,161,10
2,208,159,10
2,208,160,10
2,208,161,10
2,205,159,10
2,205,160,10
2,205,161,10
2,206,159,10
2,206,160,10
2,206,161,10
2,203,159,11
2,203,160,11
2,203,161,11
2,204,159,11
2,204,160,11
2,204,161,11
2,205,159,11
2,205,160,11
2,205,161,11
2,201,159,11
2,201,160,11
2,201,161,11
2,202,159,11
2,202,160,11
2,202,161,11
2,198,159,11
2,198,160,11
2,198,161,11
2,199,159,11
2,199,160,11
2,199,161,11
2,200,159,11
2,200,160,11
2,200,161,11
2,196,158,11
2,196,159,11
2,196,160,11
2,197,158,11
2,197,159,11
2,197,160,11
2,198,158,11
2,194,158,11
2,194,159,11
2,194,160,11
2,195,158,11
2,195,159,11
2,195,160,11
2,191,157,11
2,191,158,11
2,191,159,11
2,192,157,11
2,192,158,11
2,192,159,11
2,193,157,11
2,193,158,11
2,193,159,11
2,189,156,11
2,189,157,11
2,189,158,11
2,190,156,11
2,190,157,11
2,190,158,11
2,191,156,11
2,187,156,10
2,187,157,10
2,187,158,10
2,188,156,10
2,188,157,10
2,188,158,10
2,189,156,10
2,189,157,10
2,189,158,10
2,185,155,10
2,185,156,10
2,185,157,10
2,186,155,10
2,186,156,10
2,186,157,10
2,187,155,10
2,182,154,9
2,182,155,9
2,182,156,9
2,183,154,9
2,183,155,9
2,183,156,9
2,184,154,9
2,184,155,9
2,184,156,9
2,180,154,9
2,180,155,9
2,180,156,9
2,181,154,9
2,181,155,9
2,181,156,9
2,179,153,9
2,179,154,9
2,179,155,9
2,180,153,9
2,181,153,9
2,177,153,8
2,177,154,8
2,177,155,8
2,178,153,8
2,178,154,8
2,178,155,8
2,179,153,8
2,179,154,8
2,179,155,8
2,177,152,8
2,178,152,8
2,179,152,8
2,175,152,7
2,175,153,7
2,175,154,7
2,176,152,7
2,176,153,7
2,176,154,7
2,177,152,7
2,177,153,7
2,177,154,7
2,173,152,6
2,173,153,6
2,173,154,6
2,174,152,6
2,174,153,6
2,174,154,6
2,175,152,6
2,175,153,6
2,175,154,6
2,173,155,6
2,174,155,6
2,175,155,6
2,173,153,7
2,173,154,7
2,173,155,7
2,174,153,7
2,174,154,7
2,174,155,7
2,175,155,7
2,175,156,7
2,176,155,7
2,176,156,7
2,177,155,7
2,177,156,7
2,178,154,7
2,178,155,7
2,178,156,7
2,179,154,7
2,179,155,7
2,179,156,7
2,180,154,7
2,180,155,7
2,180,156,7
2,181,154,7
2,181,155,7
2,181,156,7
2,182,154,7
2,182,155,7
2,182,156,7
2,184,154,7
2,184,155,7
2,184,156,7
2,185,154,7
2,185,155,7
2,185,156,7
2,186,154,7
2,186,155,7
2,186,156,7
2,188,154,6
2,188,155,6
2,188,156,6
2,189,154,6
2,189,155,6
2,189,156,6
2,190,154,6
2,190,155,6
2,190,156,6
2,193,152,6
2,193,153,6
2,193,154,6
2,194,152,6
2,194,153,6
2,194,154,6
2,195,152,6
2,195,153,6
2,195,154,6
2,198,151,5
2,198,152,5
2,198,153,5
2,199,151,5
2,199,152,5
2,199,153,5
2,200,151,5
2,200,152,5
2,200,153,5
2,202,149,5
2,202,150,5
2,202,151,5
2,203,149,5
2,203,150,5
2,203,151,5
2,204,149,5
2,204,150,5
2,204,151,5
2,205,147,5
2,205,148,5
2,205,149,5
2,206,147,5
2,206,148,5
2,206,149,5
2,207,147,5
2,207,148,5
2,207,149,5
2,207,146,6
2,207,147,6
2,207,148,6
2,208,146,6
2,208,147,6
2,208,148,6
2,209,146,6
2,209,147,6
2,209,148,6
2,208,145,6
2,209,145,6
2,210,145,6
2,210,146,6
2,210,147,6
2,208,145,7
2,208,146,7
2,208,147,7
2,209,145,7
2,209,146,7
2,209,147,7
2,210,145,7
2,210,146,7
2,210,147,7
2,208,145,8
2,208,146,8
2,208,147,8
2,209,145,8
2,209,146,8
2,209,147,8
2,210,145,8
2,210,146,8
2,210,147,8
2,209,144,8
2,210,144,8
2,211,144,8
2,211,145,8
2,211,146,8
2,209,144,9
2,209,145,9
2,209,146,9
2,210,144,9
2,210,145,9
2,210,146,9
2,211,144,9
2,211,145,9
2,211,146,9
2,209,144,10
2,209,145,10
2,209,146,10
2,210,144,10
2,210,145,10
2,210,146,10
2,211,144,10
2,211,145,10
2,211,146,10
2,209,147,10
2,210,147,10
2,211,147,10
2,208,147,10
2,208,148,10
2,208,149,10
2,209,148,10
2,209,149,10
2,210,148,10
2,210,149,10
2,207,148,10
2,207,149,10
2,207,150,10
2,208,150,10
2,209,150,10
2,205,150,10
2,205,151,10
2,205,152,10
2,206,150,10
2,206,151,10
2,206,152,10
2,207,151,10
2,207,152,10
2,203,152,10
2,203,153,10
2,203,154,10
2,204,152,10
2,204,153,10
2,204,154,10
2,205,153,10
2,205,154,10
2,201,154,9
2,201,155,9
2,201,156,9
2,202,154,9
2,202,155,9
2,202,156,9
2,203,154,9
2,203,155,9
2,203,156,9
2,200,155,8
2,200,156,8
2,200,157,8
2,201,155,8
2,201,156,8
2,201,157,8
2,202,155,8
2,202,156,8
2,202,157,8
2,198,157,8
2,198,158,8
2,198,159,8
2,199,157,8
2,199,158,8
2,199,159,8
2,200,158,8
2,200,159,8
2,197,159,7
2,197,160,7
2,197,161,7
2,198,159,7
2,198,160,7
2,198,161,7
2,199,159,7
2,199,160,7
2,199,161,7
2,196,160,6
2,196,161,6
2,196,162,6
2,197,160,6
2,197,161,6
2,197,162,6
2,198,160,6
2,198,161,6
2,198,162,6
2,195,161,6
2,195,162,6
2,195,163,6
2,196,163,6
2,197,163,6
2,198,163,6
2,199,160,6
2,199,161,6
2,199,162,6
2,200,160,6
2,200,161,6
2,200,162,6
2,201,160,6
2,201,161,6
2,201,162,6
2,201,159,7
2,201,160,7
2,201,161,7
2,202,159,7
2,202,160,7
2,202,161,7
2,203,159,7
2,203,160,7
2,203,161,7
2,203,156,7
2,203,157,7
2,203,158,7
2,204,156,7
2,204,157,7
2,204,158,7
2,205,156,7
2,205,157,7
2,205,158,7
2,206,154,8
2,206,155,8
2,206,156,8
2,207,154,8
2,207,155,8
2,207,156,8
2,208,154,8
2,208,155,8
2,208,156,8
2,209,152,9
2,209,153,9
2,209,154,9
2,210,152,9
2,210,153,9
2,210,154,9
2,211,152,9
2,211,153,9
2,211,154,9
2,211,150,10
2,211,151,10
2,211,152,10
2,212,150,10
2,212,151,10
2,212,152,10
2,213,150,10
2,213,151,10
2,213,152,10
2,212,148,10
2,212,149,10
2,213,148,10
2,213,149,10
2,214,148,10
2,214,149,10
2,214,150,10
2,212,148,11
2,212,149,11
2,212,150,11
2,213,148,11
2,213,149,11
2,213,150,11
2,214,148,11
2,214,149,11
2,214,150,11
2,212,147,12
2,212,148,12
2,212,149,12
2,213,147,12
2,213,148,12
2,213,149,12
2,214,147,12
2,214,148,12
2,214,149,12
2,211,147,12
2,211,148,12
2,211,149,12
2,211,150,12
2,212,150,12
2,213,150,12
2,210,149,12
2,210,150,12
2,210,151,12
2,211,151,12
2,212,151,12
2,209,150,12
2,209,151,12
2,209,152,12
2,210,152,12
2,211,152,12
2,208,152,11
2,208,153,11
2,208,154,11
2,209,152,11
2,209,153,11
2,209,154,11
2,210,152,11
2,210,153,11
2,210,154,11
2,205,155,10
2,205,156,10
2,206,154,10
2,206,155,10
2,206,156,10
2,207,154,10
2,207,155,10
2,207,156,10
2,203,157,10
2,203,158,10
2,203,159,10
2,204,157,10
2,204,158,10
2,204,159,10
2,205,157,10
2,205,158,10
2,201,159,9
2,201,160,9
2,201,161,9
2,202,159,9
2,202,160,9
2,202,161,9
2,203,159,9
2,203,160,9
2,203,161,9
2,199,161,8
2,199,162,8
2,199,163,8
2,200,161,8
2,200,162,8
2,200,163,8
2,201,161,8
2,201,162,8
2,201,163,8
2,197,163,7
2,197,164,7
2,197,165,7
2,198,163,7
2,198,164,7
2,198,165,7
2,199,163,7
2,199,164,7
2,199,165,7
2,196,164,6
2,196,165,6
2,196,166,6
2,197,164,6
2,197,165,6
2,197,166,6
2,198,164,6
2,198,165,6
2,198,166,6
2,195,164,6
2,195,165,6
2,195,166,6
2,199,163,6
2,197,159,6
2,198,159,6
2,199,159,6
2,198,157,6
2,198,158,6
2,199,157,6
2,199,158,6
2,200,157,6
2,200,158,6
2,200,159,6
2,199,156,7
2,199,157,7
2,199,158,7
2,200,156,7
2,200,157,7
2,200,158,7
2,201,156,7
2,201,157,7
2,201,158,7
2,200,153,7
2,200,154,7
2,200,155,7
2,201,153,7
2,201,154,7
2,201,155,7
2,202,153,7
2,202,154,7
2,202,155,7
2,201,152,8
2,201,153,8
2,201,154,8
2,202,152,8
2,202,153,8
2,202,154,8
2,203,152,8
2,203,153,8
2,203,154,8
2,201,150,8
2,201,151,8
2,202,150,8
2,202,151,8
2,203,150,8
2,203,151,8
2,202,149,8
2,203,149,8
2,204,149,8
2,204,150,8
2,204,151,8
2,201,149,8
2,200,149,8
2,200,150,8
2,200,151,8
2,199,150,8
2,199,151,8
2,199,152,8
2,200,152,8
2,197,151,7
2,197,152,7
2,197,153,7
2,198,151,7
2,198,152,7
2,198,153,7
2,199,151,7
2,199,152,7
2,199,153,7
2,195,152,7
2,195,153,7
2,195,154,7
2,196,152,7
2,196,153,7
2,196,154,7
2,197,154,7
2,193,155,6
2,193,156,6
2,194,155,6
2,194,156,6
2,195,155,6
2,195,156,6
2,191,155,5
2,191,156,5
2,191,157,5
2,192,155,5
2,192,156,5
2,192,157,5
2,193,155,5
2,193,156,5
2,193,157,5
2,189,157,4
2,189,158,4
2,189,159,4
2,190,157,4
2,190,158,4
2,190,159,4
2,191,157,4
2,191,158,4
2,191,159,4
2,187,159,4
2,187,160,4
2,187,161,4
2,188,159,4
2,188,160,4
2,188,161,4
2,189,160,4
2,189,161,4
2,185,160,3
2,185,161,3
2,185,162,3
2,186,160,3
2,186,161,3
2,186,162,3
2,187,160,3
2,187,161,3
2,187,162,3
2,184,160,3
2,184,161,3
2,184,162,3
2,184,159,3
2,185,159,3
2,186,159,3
2,186,158,3
2,187,158,3
2,187,159,3
2,188,158,3
2,188,159,3
2,188,160,3
2,188,155,4
2,188,156,4
2,188,157,4
2,189,155,4
2,189,156,4
2,190,155,4
2,190,156,4
2,189,154,5
2,189,155,5
2,189,156,5
2,190,154,5
2,190,155,5
2,190,156,5
2,191,154,5
2,191,152,5
2,191,153,5
2,192,152,5
2,192,153,5
2,192,154,5
2,193,152,5
2,193,153,5
2,193,154,5
2,192,150,7
2,192,151,7
2,192,152,7
2,193,150,7
2,193,151,7
2,193,152,7
2,194,150,7
2,194,151,7
2,194,152,7
2,193,148,8
2,193,149,8
2,193,150,8
2,194,148,8
2,194,149,8
2,194,150,8
2,195,148,8
2,195,149,8
2,195,150,8
2,194,147,8
2,195,147,8
2,196,147,8
2,196,148,8
2,196,149,8
2,194,147,9
2,194,148,9
2,194,149,9
2,195,147,9
2,195,148,9
2,195,149,9
2,196,147,9
2,196,148,9
2,196,149,9
2,193,147,10
2,193,148,10
2,193,149,10
2,194,147,10
2,194,148,10
2,194,149,10
2,195,147,10
2,195,148,10
2,195,149,10
2,192,148,10
2,192,149,10
2,192,150,10
2,193,150,10
2,194,150,10
2,190,150,9
2,190,151,9
2,190,152,9
2,191,150,9
2,191,151,9
2,191,152,9
2,192,150,9
2,192,151,9
2,192,152,9
2,188,151,9
2,188,152,9
2,188,153,9
2,189,151,9
2,189,152,9
2,189,153,9
2,190,153,9
2,186,154,8
2,186,155,8
2,186,156,8
2,187,154,8
2,187,155,8
2,187,156,8
2,188,154,8
2,188,155,8
2,188,156,8
2,183,156,8
2,183,157,8
2,183,158,8
2,184,156,8
2,184,157,8
2,184,158,8
2,185,156,8
2,185,157,8
2,185,158,8
2,181,157,7
2,181,158,7
2,181,159,7
2,182,157,7
2,182,158,7
2,182,159,7
2,183,157,7
2,183,158,7
2,183,159,7
2,179,158,7
2,179,159,7
2,179,160,7
2,180,158,7
2,180,159,7
2,180,160,7
2,181,160,7
2,179,158,6
2,179,159,6
2,179,160,6
2,180,158,6
2,180,159,6
2,180,160,6
2,181,158,6
2,181,159,6
2,181,160,6
2,178,158,6
2,178,159,6
2,178,160,6
2,179,157,6
2,180,157,6
2,181,157,6
2,180,156,6
2,181,156,6
2,182,156,6
2,182,157,6
2,182,158,6
2,181,154,6
2,181,155,6
2,182,154,6
2,182,155,6
2,183,154,6
2,183,155,6
2,183,156,6
2,182,152,7
2,182,153,7
2,183,152,7
2,183,153,7
2,183,154,7
2,184,152,7
2,184,153,7
2,184,151,8
2,184,152,8
2,184,153,8
2,185,151,8
2,185,152,8
2,185,153,8
2,186,151,8
2,186,152,8
2,186,153,8
2,185,149,9
2,185,150,9
2,185,151,9
2,186,149,9
2,186,150,9
2,186,151,9
2,187,149,9
2,187,150,9
2,187,151,9
2,186,148,9
2,187,148,9
2,188,148,9
2,188,149,9
2,188,150,9
2,186,147,10
2,186,148,10
2,186,149,10
2,187,147,10
2,187,148,10
2,187,149,10
2,188,147,10
2,188,148,10
2,188,149,10
2,189,147,10
2,189,148,10
2,189,149,10
2,186,150,10
2,187,150,10
2,188,150,10
2,185,148,10
2,185,149,10
2,185,150,10
2,183,149,10
2,183,150,10
2,183,151,10
2,184,149,10
2,184,150,10
2,184,151,10
2,185,151,10
2,181,151,9
2,181,152,9
2,182,151,9
2,182,152,9
2,182,153,9
2,183,151,9
2,183,152,9
2,183,153,9
2,180,153,8
2,180,154,8
2,180,155,8
2,174,156,6
2,174,157,6
2,174,158,6
2,175,156,6
2,175,157,6
2,175,158,6
2,176,156,6
2,176,157,6
2,176,158,6
2,173,157,5
2,173,158,5
2,173,159,5
2,173,155,4
2,173,156,4
2,173,157,4
2,173,152,4
2,173,153,4
2,173,154,4
2,174,152,4
2,174,153,4
2,174,154,4
2,175,152,4
2,175,153,4
2,175,154,4
2,176,150,5
2,176,151,5
2,176,152,5
2,177,150,5
2,177,151,5
2,177,152,5
2,178,150,5
2,178,151,5
2,178,152,5
2,178,148,5
2,178,149,5
2,179,148,5
2,179,149,5
2,179,150,5
2,180,148,5
2,180,149,5
2,180,150,5
2,180,146,6
2,180,147,6
2,180,148,6
2,181,146,6
2,181,147,6
2,181,148,6
2,182,146,6
2,182,147,6
2,182,148,6
2,181,144,7
2,181,145,7
2,181,146,7
2,182,144,7
2,182,145,7
2,182,146,7
2,183,144,7
2,183,145,7
2,183,146,7
2,182,143,7
2,183,143,7
2,184,143,7
2,184,144,7
2,184,145,7
2,183,143,8
2,183,144,8
2,183,145,8
2,184,143,8
2,184,144,8
2,184,145,8
2,185,143,8
2,185,144,8
2,185,145,8
2,182,143,8
2,182,144,8
2,182,145,8
2,182,143,9
2,182,144,9
2,182,145,9
2,183,143,9
2,183,144,9
2,183,145,9
2,184,143,9
2,184,144,9
2,184,145,9
2,181,145,8
2,181,146,8
2,181,147,8
2,182,146,8
2,182,147,8
2,183,146,8
2,183,147,8
2,179,146,8
2,179,147,8
2,179,148,8
2,180,146,8
2,180,147,8
2,180,148,8
2,181,148,8
2,178,147,8
2,178,148,8
2,178,149,8
2,179,149,8
2,180,149,8
2,176,149,8
2,176,150,8
2,176,151,8
2,177,149,8
2,177,150,8
2,177,151,8
2,178,150,8
2,178,151,8
2,175,150,8
2,175,151,8
2,175,152,8
2,176,152,8
2,174,152,8
2,174,153,8
2,174,154,8
2,175,153,8
2,175,154,8
2,176,153,8
2,176,154,8
2,174,153,9
2,174,154,9
2,174,155,9
2,175,153,9
2,175,154,9
2,175,155,9
2,176,153,9
2,176,154,9
2,176,155,9
2,173,154,9
2,173,155,9
2,173,156,9
2,174,156,9
2,175,156,9
2,229,116,32
2,230,116,32
2,231,172,17
2,231,116,32
2,231,116,34
2,232,116,34
2,233,116,34
2,232,116,36
2,233,116,36
2,234,116,36
2,232,116,37
2,233,116,37
2,234,116,37
2,172,218,20
2,172,219,20
2,172,220,20
2,169,216,21
2,169,217,21
2,169,218,21
2,170,216,21
2,170,217,21
2,170,218,21
2,171,216,21
2,171,217,21
2,171,218,21
2,165,217,20
2,165,218,20
2,165,219,20
2,166,217,20
2,166,218,20
2,166,219,20
2,167,217,20
2,167,218,20
2,167,219,20
2,162,217,20
2,162,218,20
2,162,219,20
2,163,217,20
2,163,218,20
2,163,219,20
2,164,217,20
2,164,218,20
2,164,219,20
2,160,218,19
2,160,219,19
2,160,220,19
2,161,218,19
2,161,219,19
2,161,220,19
2,162,218,19
2,162,219,19
2,162,220,19
2,158,218,19
2,158,219,19
2,158,220,19
2,159,218,19
2,159,219,19
2,159,220,19
2,159,218,20
2,159,219,20
2,159,220,20
2,160,218,20
2,160,219,20
2,160,220,20
2,161,218,20
2,161,219,20
2,161,220,20
2,161,217,20
2,163,217,21
2,163,218,21
2,163,219,21
2,164,217,21
2,164,218,21
2,164,219,21
2,165,217,21
2,165,218,21
2,165,219,21
2,166,215,22
2,166,216,22
2,166,217,22
2,167,215,22
2,167,216,22
2,167,217,22
2,168,215,22
2,168,216,22
2,168,217,22
2,170,214,23
2,170,215,23
2,170,216,23
2,171,214,23
2,171,215,23
2,171,216,23
2,172,214,23
2,172,215,23
2,172,216,23
2,172,212,27
2,172,213,27
2,172,214,27
2,169,212,26
2,169,213,26
2,169,214,26
2,170,212,26
2,170,213,26
2,170,214,26
2,171,212,26
2,171,213,26
2,171,214,26
2,165,214,26
2,165,215,26
2,165,216,26
2,166,214,26
2,166,215,26
2,166,216,26
2,167,214,26
2,167,215,26
2,167,216,26
2,162,215,25
2,162,216,25
2,162,217,25
2,163,215,25
2,163,216,25
2,163,217,25
2,164,215,25
2,164,216,25
2,164,217,25
2,158,216,25
2,158,217,25
2,158,218,25
2,159,216,25
2,159,217,25
2,159,218,25
2,160,216,25
2,160,217,25
2,160,218,25
2,154,217,24
2,154,218,24
2,154,219,24
2,155,217,24
2,155,218,24
2,155,219,24
2,156,217,24
2,156,218,24
2,156,219,24
2,152,218,24
2,152,219,24
2,152,220,24
2,153,218,24
2,153,219,24
2,153,220,24
2,154,220,24
2,149,218,24
2,149,219,24
2,149,220,24
2,150,218,24
2,150,219,24
2,150,220,24
2,151,218,24
2,151,219,24
2,151,220,24
2,149,218,23
2,149,219,23
2,149,220,23
2,150,218,23
2,150,219,23
2,150,220,23
2,151,218,23
2,151,219,23
2,151,220,23
2,151,217,24
2,152,217,24
2,153,217,24
2,155,216,24
2,156,216,24
2,157,216,24
2,157,217,24
2,157,218,24
2,158,215,25
2,159,215,25
2,160,215,25
2,162,214,26
2,162,215,26
2,162,216,26
2,163,214,26
2,163,215,26
2,163,216,26
2,164,214,26
2,164,215,26
2,164,216,26
2,166,212,26
2,166,213,26
2,167,212,26
2,167,213,26
2,168,212,26
2,168,213,26
2,168,214,26
2,170,211,27
2,170,212,27
2,170,213,27
2,171,211,27
2,171,212,27
2,171,213,27
2,172,211,27
2,172,209,28
2,172,210,28
2,172,211,28
2,169,210,27
2,169,211,27
2,169,212,27
2,170,210,27
2,171,210,27
2,165,211,26
2,165,212,26
2,165,213,26
2,166,211,26
2,167,211,26
2,160,213,25
2,160,214,25
2,161,213,25
2,161,214,25
2,161,215,25
2,162,213,25
2,162,214,25
2,156,214,24
2,156,215,24
2,157,214,24
2,157,215,24
2,158,214,24
2,158,215,24
2,158,216,24
2,152,215,23
2,152,216,23
2,152,217,23
2,153,215,23
2,153,216,23
2,153,217,23
2,154,215,23
2,154,216,23
2,154,217,23
2,149,216,22
2,149,217,22
2,149,218,22
2,150,216,22
2,150,217,22
2,150,218,22
2,151,216,22
2,151,217,22
2,151,218,22
2,146,217,21
2,146,218,21
2,146,219,21
2,147,217,21
2,147,218,21
2,147,219,21
2,148,217,21
2,148,218,21
2,148,219,21
2,144,217,21
2,144,218,21
2,144,219,21
2,145,217,21
2,145,218,21
2,145,219,21
2,143,217,21
2,143,218,21
2,143,219,21
2,148,217,22
2,148,218,22
2,148,219,22
2,149,219,22
2,150,219,22
2,152,218,23
2,153,218,23
2,154,218,23
2,155,216,23
2,155,217,23
2,155,218,23
2,156,216,23
2,156,217,23
2,156,218,23
2,157,216,23
2,157,217,23
2,157,218,23
2,161,216,25
2,164,213,25
2,164,214,25
2,165,213,25
2,165,214,25
2,165,215,25
2,166,213,25
2,166,214,25
2,166,215,25
2,172,210,27
2,172,209,27
2,169,210,26
2,169,211,26
2,170,210,26
2,170,211,26
2,171,210,26
2,171,211,26
2,166,211,25
2,166,212,25
2,167,211,25
2,167,212,25
2,167,213,25
2,168,211,25
2,168,212,25
2,168,213,25
2,162,212,24
2,162,213,24
2,162,214,24
2,163,212,24
2,163,213,24
2,163,214,24
2,164,212,24
2,164,213,24
2,164,214,24
2,158,212,23
2,158,213,23
2,158,214,23
2,159,212,23
2,159,213,23
2,159,214,23
2,160,212,23
2,160,213,23
2,160,214,23
2,153,212,21
2,153,213,21
2,153,214,21
2,154,212,21
2,154,213,21
2,154,214,21
2,155,212,21
2,155,213,21
2,155,214,21
2,149,213,20
2,149,214,20
2,149,215,20
2,150,213,20
2,150,214,20
2,150,215,20
2,151,213,20
2,151,214,20
2,151,215,20
2,145,213,19
2,145,214,19
2,145,215,19
2,146,213,19
2,146,214,19
2,146,215,19
2,147,213,19
2,147,214,19
2,147,215,19
2,143,213,18
2,143,214,18
2,143,215,18
2,144,213,18
2,144,214,18
2,144,215,18
2,145,213,18
2,145,214,18
2,145,215,18
2,141,213,18
2,141,214,18
2,141,215,18
2,142,213,18
2,142,214,18
2,142,215,18
2,139,212,17
2,139,213,17
2,139,214,17
2,140,212,17
2,140,213,17
2,140,214,17
2,141,212,17
2,141,213,17
2,141,214,17
2,142,212,17
2,142,213,17
2,142,214,17
2,140,211,17
2,141,211,17
2,142,211,17
2,142,210,18
2,142,211,18
2,142,212,18
2,143,210,18
2,143,211,18
2,143,212,18
2,144,210,18
2,144,211,18
2,144,212,18
2,143,210,19
2,143,211,19
2,143,212,19
2,144,210,19
2,144,211,19
2,144,212,19
2,145,210,19
2,145,211,19
2,145,212,19
2,146,208,19
2,146,209,19
2,146,210,19
2,147,208,19
2,147,209,19
2,147,210,19
2,148,208,19
2,148,209,19
2,148,210,19
2,214,173,33
2,214,174,33
2,214,175,33
2,215,173,33
2,215,174,33
2,215,175,33
2,216,173,33
2,216,174,33
2,216,175,33
2,214,173,32
2,214,174,32
2,214,175,32
2,215,173,32
2,215,174,32
2,215,175,32
2,216,173,32
2,216,174,32
2,216,175,32
2,217,173,32
2,217,174,32
2,215,173,31
2,215,174,31
2,216,173,31
2,216,174,31
2,217,173,31
2,217,174,31
2,216,173,30
2,216,174,30
2,217,173,30
2,217,174,30
2,218,173,30
2,218,174,30
2,216,173,29
2,216,174,29
2,217,173,29
2,217,174,29
2,218,173,29
2,218,174,29
2,219,173,29
2,219,174,29
2,217,173,28
2,217,174,28
2,218,173,28
2,218,174,28
2,219,173,28
2,219,174,28
2,218,173,27
2,218,174,27
2,219,173,27
2,219,174,27
2,220,173,27
2,220,174,27
2,218,173,26
2,218,174,26
2,219,173,26
2,219,174,26
2,220,173,26
2,220,174,26
2,221,173,26
2,221,174,26
2,219,173,25
2,219,174,25
2,220,173,25
2,220,174,25
2,221,173,25
2,221,174,25
2,219,173,24
2,219,174,24
2,220,173,24
2,220,174,24
2,221,173,24
2,221,174,24
2,222,173,24
2,222,174,24
2,220,173,23
2,220,174,23
2,221,173,23
2,221,174,23
2,222,173,23
2,222,174,23
2,221,173,22
2,221,174,22
2,222,173,22
2,222,174,22
2,223,173,22
2,223,174,22
2,221,173,21
2,221,174,21
2,222,173,21
2,222,174,21
2,223,173,21
2,223,174,21
2,224,173,21
2,224,174,21
2,223,173,20
2,223,174,20
2,224,173,20
2,224,174,20
2,225,173,20
2,225,174,20
2,226,173,20
2,226,174,20
2,225,173,19
2,225,174,19
2,226,173,19
2,226,174,19
2,227,173,19
2,227,174,19
2,226,175,19
2,227,175,19
2,228,173,19
2,228,174,19
2,228,175,19
2,229,173,19
2,229,174,19
2,229,175,19
2,227,173,18
2,227,174,18
2,227,175,18
2,228,173,18
2,228,174,18
2,228,175,18
2,229,173,18
2,229,174,18
2,229,175,18
2,230,173,18
2,230,174,18
2,230,175,18
2,228,176,18
2,229,176,18
2,230,176,18
2,230,180,34
2,230,181,34
2,230,182,34
2,230,180,35
2,230,181,35
2,230,182,35
2,229,180,35
2,229,181,35
2,229,182,35
2,228,180,35
2,228,181,35
2,228,182,35
2,228,179,35
2,229,179,35
2,230,179,35
2,227,179,35
2,227,180,35
2,227,181,35
2,226,179,35
2,226,180,35
2,226,181,35
2,226,178,35
2,227,178,35
2,228,178,35
2,225,178,35
2,225,179,35
2,225,180,35
2,224,178,35
2,224,179,35
2,224,180,35
2,223,178,35
2,223,179,35
2,223,180,35
2,222,178,35
2,222,179,35
2,222,180,35
2,221,178,35
2,221,179,35
2,221,180,35
2,221,177,35
2,222,177,35
2,223,177,35
2,220,177,35
2,220,178,35
2,220,179,35
2,220,177,34
2,220,178,34
2,220,179,34
2,221,177,34
2,221,178,34
2,221,179,34
2,222,177,34
2,222,178,34
2,222,179,34
2,220,176,34
2,221,176,34
2,222,176,34
2,220,176,33
2,220,177,33
2,220,178,33
2,221,176,33
2,221,177,33
2,221,178,33
2,222,176,33
2,222,177,33
2,222,178,33
2,219,176,33
2,219,177,33
2,219,178,33
2,219,175,33
2,220,175,33
2,221,175,33
2,219,175,32
2,219,176,32
2,219,177,32
2,220,175,32
2,220,176,32
2,220,177,32
2,221,175,32
2,221,176,32
2,221,177,32
2,218,175,31
2,218,176,31
2,218,177,31
2,219,175,31
2,219,176,31
2,219,177,31
2,220,175,31
2,220,176,31
2,220,177,31
2,218,175,30
2,218,176,30
2,218,177,30
2,219,175,30
2,219,176,30
2,219,177,30
2,220,175,30
2,220,176,30
2,220,177,30
2,217,175,30
2,217,176,30
2,219,174,30
2,217,175,29
2,217,176,29
2,218,175,29
2,218,176,29
2,219,175,29
2,219,176,29
2,217,175,28
2,218,175,28
2,219,175,28
2,217,173,27
2,217,174,27
2,217,173,26
2,217,174,26
2,218,173,25
2,220,173,22
2,222,173,20
2,223,173,19
2,224,173,19
2,224,173,18
2,225,173,18
2,226,173,18
2,226,174,18
2,226,173,17
2,226,174,17
2,227,173,17
2,227,174,17
2,228,173,17
2,228,174,17
2,229,173,17
2,229,174,17
2,230,173,17
2,230,174,17
2,229,175,17
2,230,175,17
2,230,176,35
2,230,177,35
2,230,178,35
2,229,176,35
2,229,177,35
2,229,178,35
2,229,176,36
2,229,177,36
2,229,178,36
2,230,176,36
2,230,177,36
2,230,178,36
2,228,176,36
2,228,177,36
2,228,178,36
2,228,175,36
2,229,175,36
2,230,175,36
2,227,175,36
2,227,176,36
2,227,177,36
2,227,175,37
2,227,176,37
2,227,177,37
2,228,175,37
2,228,176,37
2,228,177,37
2,229,175,37
2,229,176,37
2,229,177,37
2,226,175,37
2,226,176,37
2,226,177,37
2,225,175,37
2,225,176,37
2,225,177,37
2,224,175,37
2,224,176,37
2,224,177,37
2,223,175,37
2,223,176,37
2,223,177,37
2,222,175,37
2,222,176,37
2,222,177,37
2,221,175,37
2,221,176,37
2,221,177,37
2,220,176,36
2,220,177,36
2,220,178,36
2,221,176,36
2,221,177,36
2,221,178,36
2,222,176,36
2,222,177,36
2,222,178,36
2,198,212,26
2,198,213,26
2,198,214,26
2,199,212,26
2,199,213,26
2,199,214,26
2,200,212,26
2,200,213,26
2,200,214,26
2,200,212,25
2,200,213,25
2,200,214,25
2,201,212,25
2,201,213,25
2,201,214,25
2,202,212,25
2,202,213,25
2,202,214,25
2,201,211,25
2,202,211,25
2,203,211,25
2,203,212,25
2,203,213,25
2,204,211,25
2,204,212,25
2,204,213,25
2,203,210,25
2,204,210,25
2,205,210,25
2,205,211,25
2,205,212,25
2,206,210,25
2,206,211,25
2,206,212,25
2,205,213,25
2,206,213,25
2,207,211,25
2,207,212,25
2,207,213,25
2,204,214,25
2,205,214,25
2,206,214,25
2,202,215,25
2,203,214,25
2,203,215,25
2,204,215,25
2,200,214,24
2,200,215,24
2,200,216,24
2,201,214,24
2,201,215,24
2,201,216,24
2,202,214,24
2,202,215,24
2,202,216,24
2,198,215,24
2,198,216,24
2,198,217,24
2,199,215,24
2,199,216,24
2,199,217,24
2,200,217,24
2,195,216,23
2,195,217,23
2,195,218,23
2,196,216,23
2,196,217,23
2,196,218,23
2,197,216,23
2,197,217,23
2,197,218,23
2,193,216,21
2,193,217,21
2,193,218,21
2,194,216,21
2,194,217,21
2,194,218,21
2,195,216,21
2,195,217,21
2,195,218,21
2,190,217,20
2,190,218,20
2,190,219,20
2,191,217,20
2,191,218,20
2,191,219,20
2,192,217,20
2,192,218,20
2,192,219,20
2,188,218,19
2,188,219,19
2,188,220,19
2,189,218,19
2,189,219,19
2,189,220,19
2,190,218,19
2,190,219,19
2,190,220,19
2,186,218,19
2,186,219,19
2,186,220,19
2,187,218,19
2,187,219,19
2,187,220,19
2,186,218,18
2,186,219,18
2,186,220,18
2,187,218,18
2,187,219,18
2,187,220,18
2,188,218,18
2,188,219,18
2,188,220,18
2,185,218,19
2,185,219,19
2,185,220,19
2,186,217,19
2,187,217,19
2,188,217,19
2,187,217,20
2,187,218,20
2,187,219,20
2,188,217,20
2,188,218,20
2,188,219,20
2,189,217,20
2,189,218,20
2,189,219,20
2,190,216,21
2,190,217,21
2,190,218,21
2,191,216,21
2,191,217,21
2,191,218,21
2,192,216,21
2,192,217,21
2,192,218,21
2,192,215,22
2,192,216,22
2,192,217,22
2,193,215,22
2,193,216,22
2,193,217,22
2,194,215,22
2,194,216,22
2,194,217,22
2,194,213,22
2,194,214,22
2,195,213,22
2,195,214,22
2,195,215,22
2,196,213,22
2,196,214,22
2,196,215,22
2,195,213,23
2,195,214,23
2,195,215,23
2,196,213,23
2,196,214,23
2,196,215,23
2,197,213,23
2,197,214,23
2,197,215,23
2,196,212,24
2,196,213,24
2,196,214,24
2,197,212,24
2,197,213,24
2,197,214,24
2,198,212,24
2,198,213,24
2,198,214,24
2,195,212,24
2,195,213,24
2,195,214,24
2,193,213,24
2,193,214,24
2,193,215,24
2,194,213,24
2,194,214,24
2,194,215,24
2,195,215,24
2,190,214,24
2,190,215,24
2,190,216,24
2,191,214,24
2,191,215,24
2,191,216,24
2,192,214,24
2,192,215,24
2,192,216,24
2,187,215,23
2,187,216,23
2,187,217,23
2,188,215,23
2,188,216,23
2,188,217,23
2,189,215,23
2,189,216,23
2,189,217,23
2,184,216,22
2,184,217,22
2,184,218,22
2,185,216,22
2,185,217,22
2,185,218,22
2,186,216,22
2,186,217,22
2,186,218,22
2,181,217,21
2,181,218,21
2,181,219,21
2,182,217,21
2,182,218,21
2,182,219,21
2,183,217,21
2,183,218,21
2,183,219,21
2,177,217,20
2,177,218,20
2,177,219,20
2,178,217,20
2,178,218,20
2,178,219,20
2,179,217,20
2,179,218,20
2,179,219,20
2,174,218,20
2,174,219,20
2,174,220,20
2,175,218,20
2,175,219,20
2,175,220,20
2,176,218,20
2,176,219,20
2,176,220,20
2,173,218,19
2,173,219,19
2,173,220,19
2,174,218,19
2,174,219,19
2,174,220,19
2,175,218,19
2,175,219,19
2,175,220,19
2,173,218,20
2,173,219,20
2,173,220,20
2,173,217,20
2,174,217,20
2,175,217,20
2,175,217,21
2,175,218,21
2,175,219,21
2,176,217,21
2,176,218,21
2,176,219,21
2,177,217,21
2,177,218,21
2,177,219,21
2,177,216,21
2,178,216,21
2,178,217,21
2,178,218,21
2,179,216,21
2,179,217,21
2,179,218,21
2,179,215,21
2,180,215,21
2,180,216,21
2,180,217,21
2,181,215,21
2,181,216,21
2,181,214,22
2,181,215,22
2,181,216,22
2,182,214,22
2,182,215,22
2,182,216,22
2,183,214,22
2,183,215,22
2,183,216,22
2,183,213,23
2,183,214,23
2,183,215,23
2,184,213,23
2,184,214,23
2,184,215,23
2,185,213,23
2,185,214,23
2,185,215,23
2,185,212,23
2,186,212,23
2,186,213,23
2,186,214,23
2,187,212,23
2,187,213,23
2,187,214,23
2,185,212,24
2,185,213,24
2,185,214,24
2,186,212,24
2,186,213,24
2,186,214,24
2,187,212,24
2,187,213,24
2,187,214,24
2,186,211,24
2,187,211,24
2,188,211,24
2,188,212,24
2,188,213,24
2,184,212,25
2,184,213,25
2,184,214,25
2,185,212,25
2,185,213,25
2,185,214,25
2,186,212,25
2,186,213,25
2,186,214,25
2,182,212,24
2,182,213,24
2,182,214,24
2,183,212,24
2,183,213,24
2,183,214,24
2,184,212,24
2,184,213,24
2,184,214,24
2,180,213,24
2,180,214,24
2,180,215,24
2,181,213,24
2,181,214,24
2,181,215,24
2,182,215,24
2,176,214,23
2,176,215,23
2,176,216,23
2,177,214,23
2,177,215,23
2,177,216,23
2,178,214,23
2,178,215,23
2,178,216,23
2,173,215,22
2,173,216,22
2,173,217,22
2,174,215,22
2,174,216,22
2,174,217,22
2,175,215,22
2,175,216,22
2,175,217,22
2,173,213,24
2,173,214,24
2,173,215,24
2,174,213,24
2,174,214,24
2,174,215,24
2,175,213,24
2,175,214,24
2,175,215,24
2,176,211,25
2,176,212,25
2,176,213,25
2,177,211,25
2,177,212,25
2,177,213,25
2,178,211,25
2,178,212,25
2,178,213,25
2,179,210,26
2,179,211,26
2,179,212,26
2,180,210,26
2,180,211,26
2,180,212,26
2,181,210,26
2,181,211,26
2,181,212,26
2,180,209,27
2,180,210,27
2,180,211,27
2,181,209,27
2,181,210,27
2,181,211,27
2,182,209,27
2,182,210,27
2,182,211,27
2,183,209,27
2,183,210,27
2,183,211,27
2,180,209,28
2,180,210,28
2,180,211,28
2,181,209,28
2,181,210,28
2,181,211,28
2,182,209,28
2,182,210,28
2,182,211,28
2,178,209,28
2,178,210,28
2,178,211,28
2,179,209,28
2,179,210,28
2,179,211,28
2,176,210,27
2,176,211,27
2,176,212,27
2,177,210,27
2,177,211,27
2,177,212,27
2,178,210,27
2,178,211,27
2,178,212,27
2,173,212,27
2,173,213,27
2,173,214,27
2,174,212,27
2,174,213,27
2,174,214,27
2,174,209,28
2,174,210,28
2,174,211,28
2,175,209,28
2,175,210,28
2,175,211,28
2,176,209,28
2,176,210,28
2,176,211,28
2,176,208,29
2,176,209,29
2,176,210,29
2,177,208,29
2,177,209,29
2,177,210,29
2,178,208,29
2,178,209,29
2,178,210,29
2,178,207,29
2,179,207,29
2,179,208,29
2,179,209,29
2,180,207,29
2,180,208,29
2,180,209,29
2,177,207,29
2,175,207,29
2,175,208,29
2,175,209,29
2,176,207,29
2,173,209,28
2,173,210,28
2,173,211,28
2,173,210,27
2,173,211,27
2,174,210,27
2,174,211,27
2,175,210,27
2,175,211,27
2,175,212,27
2,173,209,27
2,174,209,27
2,231,174,18
2,231,175,18
2,231,176,18
2,232,174,18
2,232,175,18
2,232,176,18
2,233,174,18
2,233,175,18
2,233,176,18
2,231,177,18
2,232,177,18
2,233,177,18
2,234,175,18
2,234,176,18
2,234,177,18
2,233,175,19
2,233,176,19
2,233,177,19
2,234,175,19
2,234,176,19
2,234,177,19
2,235,175,19
2,235,176,19
2,235,177,19
2,233,175,20
2,233,176,20
2,233,177,20
2,234,175,20
2,234,176,20
2,234,177,20
2,235,175,20
2,235,176,20
2,235,177,20
2,234,178,20
2,235,178,20
2,236,176,20
2,236,177,20
2,236,178,20
2,234,176,21
2,234,177,21
2,234,178,21
2,235,176,21
2,235,177,21
2,235,178,21
2,236,176,21
2,236,177,21
2,236,178,21
2,237,176,21
2,237,177,21
2,237,178,21
2,235,176,22
2,235,177,22
2,235,178,22
2,236,176,22
2,236,177,22
2,236,178,22
2,237,176,22
2,237,177,22
2,237,178,22
2,235,179,22
2,236,179,22
2,237,179,22
2,235,177,23
2,235,178,23
2,235,179,23
2,236,177,23
2,236,178,23
2,236,179,23
2,237,177,23
2,237,178,23
2,237,179,23
2,235,177,24
2,235,178,24
2,235,179,24
2,236,177,24
2,236,178,24
2,236,179,24
2,237,177,24
2,237,178,24
2,237,179,24
2,235,178,25
2,235,179,25
2,236,177,25
2,236,178,25
2,236,179,25
2,237,177,25
2,237,178,25
2,237,179,25
2,235,180,25
2,236,180,25
2,237,180,25
2,235,178,26
2,235,179,26
2,235,180,26
2,236,178,26
2,236,179,26
2,236,180,26
2,237,178,26
2,237,179,26
2,237,180,26
2,235,178,27
2,235,179,27
2,235,180,27
2,236,178,27
2,236,179,27
2,236,180,27
2,237,178,27
2,237,179,27
2,237,180,27
2,235,179,28
2,235,180,28
2,235,181,28
2,236,179,28
2,236,180,28
2,236,181,28
2,237,179,28
2,237,180,28
2,237,181,28
2,235,179,29
2,235,180,29
2,235,181,29
2,236,179,29
2,236,180,29
2,236,181,29
2,237,179,29
2,237,180,29
2,237,181,29
2,234,179,29
2,234,180,29
2,234,181,29
2,234,179,30
2,234,180,30
2,234,181,30
2,235,179,30
2,235,180,30
2,235,181,30
2,236,179,30
2,236,180,30
2,236,181,30
2,234,182,30
2,235,182,30
2,236,182,30
2,234,180,31
2,234,181,31
2,234,182,31
2,235,180,31
2,235,181,31
2,235,182,31
2,236,180,31
2,236,181,31
2,236,182,31
2,233,180,31
2,233,181,31
2,233,182,31
2,233,180,32
2,233,181,32
2,233,182,32
2,234,180,32
2,234,181,32
2,234,182,32
2,235,180,32
2,235,181,32
2,235,182,32
2,232,180,32
2,232,181,32
2,232,182,32
2,232,180,33
2,232,181,33
2,232,182,33
2,233,180,33
2,233,181,33
2,233,182,33
2,234,180,33
2,234,181,33
2,234,182,33
2,231,180,33
2,231,181,33
2,231,182,33
2,231,180,34
2,231,181,34
2,231,182,34
2,232,180,34
2,232,181,34
2,232,182,34
2,233,180,34
2,233,181,34
2,233,182,34
2,231,180,35
2,231,181,35
2,231,182,35
2,232,180,35
2,232,181,35
2,232,182,35
2,231,173,17
2,231,174,17
2,231,175,17
2,232,173,17
2,232,174,17
2,232,175,17
2,233,173,17
2,233,174,17
2,233,175,17
2,232,173,18
2,233,173,18
2,234,173,18
2,234,174,18
2,235,173,18
2,235,174,18
2,235,175,18
2,236,173,18
2,236,174,18
2,236,175,18
2,235,174,19
2,236,174,19
2,236,175,19
2,236,176,19
2,237,174,19
2,237,175,19
2,237,176,19
2,238,174,19
2,238,175,19
2,238,176,19
2,236,174,20
2,236,175,20
2,237,174,20
2,237,175,20
2,237,176,20
2,238,174,20
2,238,175,20
2,238,176,20
2,237,174,21
2,237,175,21
2,238,174,21
2,238,175,21
2,238,176,21
2,239,174,21
2,239,175,21
2,239,176,21
2,237,175,22
2,238,175,22
2,238,176,22
2,238,177,22
2,239,175,22
2,239,176,22
2,239,177,22
2,238,175,23
2,238,176,23
2,238,177,23
2,239,175,23
2,239,176,23
2,239,177,23
2,240,175,23
2,240,176,23
2,240,177,23
2,238,175,24
2,238,176,24
2,238,177,24
2,239,175,24
2,239,176,24
2,239,177,24
2,240,175,24
2,240,176,24
2,240,177,24
2,238,176,25
2,238,177,25
2,238,178,25
2,239,176,25
2,239,177,25
2,239,178,25
2,240,176,25
2,240,177,25
2,240,178,25
2,238,176,26
2,238,177,26
2,238,178,26
2,239,176,26
2,239,177,26
2,239,178,26
2,240,176,26
2,240,177,26
2,240,178,26
2,237,176,26
2,237,177,26
2,237,176,27
2,237,177,27
2,238,176,27
2,238,177,27
2,238,178,27
2,239,176,27
2,239,177,27
2,239,178,27
2,237,176,28
2,237,177,28
2,237,178,28
2,238,176,28
2,238,177,28
2,238,178,28
2,239,176,28
2,239,177,28
2,239,178,28
2,236,176,29
2,236,177,29
2,236,178,29
2,237,176,29
2,237,177,29
2,237,178,29
2,238,176,29
2,238,177,29
2,238,178,29
2,236,176,30
2,236,177,30
2,236,178,30
2,237,176,30
2,237,177,30
2,237,178,30
2,238,176,30
2,238,177,30
2,238,178,30
2,235,176,30
2,235,177,30
2,235,178,30
2,235,176,31
2,235,177,31
2,235,178,31
2,236,176,31
2,236,177,31
2,236,178,31
2,237,176,31
2,237,177,31
2,237,178,31
2,234,176,32
2,234,177,32
2,234,178,32
2,235,176,32
2,235,177,32
2,235,178,32
2,236,176,32
2,236,177,32
2,236,178,32
2,233,176,32
2,233,177,32
2,233,178,32
2,233,176,33
2,233,177,33
2,233,178,33
2,234,176,33
2,234,177,33
2,234,178,33
2,235,176,33
2,235,177,33
2,235,178,33
2,232,176,33
2,232,177,33
2,232,178,33
2,231,176,34
2,231,177,34
2,231,178,34
2,232,176,34
2,232,177,34
2,232,178,34
2,233,176,34
2,233,177,34
2,233,178,34
2,231,176,35
2,231,177,35
2,231,178,35
2,232,176,35
2,232,177,35
2,232,178,35
2,231,176,36
2,231,177,36
2,231,178,36
